,Unnamed: 0,Skapad_År,Skapad_Månad,NAME,EVENT_CODE,EVENT_TEXT,Location_text,Väg,Riktning,LANE_MASK,CREATION_TIME,COMPLETION_TIME,START_TIME,END_TIME,Note,X,Y,latitude,longitude,SegmentID
6,6,2019,Januari  ,2019-01-02/11:14:48-1/4,35,Olycka,E4 från Trafikplats Tönnebro (203) till Trafikplats Sörljusne (204) i riktning mot Sundsvall i Gävleborgs län (X),E4,Norr,OOOOOOOOO|XOOOOOOOO,2019-01-02 11:14:48,2019-01-02 11:58:25,2019-01-02 11:14:28,2019-01-02 12:15:00,Singelolycka strax norr Tönnebro,6771941,606024,61.067895034299745,16.964690557843724,428389808
11,11,2019,Januari  ,2019-01-05/17:07:51-1/4,32,Stillastående fordon,E4 från Trafikplats Tönnebro (203) till Axmartavlan (202) i riktning mot Uppsala i Gävleborgs län (X),E4,Syd,OOOOOOOOX|OOOOOOOOO,2019-01-05 17:07:50,2019-01-05 17:30:31,2019-01-05 17:07:51,2019-01-05 17:30:00,Personbil med haveri,6771941,606024,61.067895034299745,16.964690557843724,428389808
21,21,2019,Januari  ,2019-01-08/22:35:04-1/4,255,Bärgning,E4 från Trafikplats Tönnebro (203) till Axmartavlan (202) i riktning mot Uppsala i Gävleborgs län (X),E4,Syd,OOOOOOOOX|OOOOOOOOO,2019-01-08 22:35:04,2019-01-08 23:07:08,2019-01-08 22:35:04,2019-01-08 23:05:00,"Personbil som ska bärgas mellan Tönnebro och Axmar, på dubbelfilig sträcka. Begränsad framkomlighet. _x000D_
",6771941,606024,61.067895034299745,16.964690557843724,428389808
27,27,2019,Januari  ,2019-01-09/16:03:55-1/4,32,Stillastående fordon,E4 från Trafikplats Tönnebro (203) till Trafikplats Sörljusne (204) i riktning mot Sundsvall i Gävleborgs län (X),E4,Norr,OOOOOOOOO|XOOOOOOOO,2019-01-09 16:03:54,2019-01-09 18:02:28,2019-01-09 16:03:55,2019-01-09 18:00:00,En bil står illa till i höjd med Tönnebro.,6771941,606024,61.067895034299745,16.964690557843724,428389808
32,32,2019,Januari  ,2019-01-12/18:13:35-1/4,32,Stillastående fordon,E4 från Trafikplats Tönnebro (203) till Trafikplats Sörljusne (204) i riktning mot Sundsvall i Gävleborgs län (X),E4,Norr,OOOOOOOOO|XOOOOOOOO,2019-01-12 18:13:34,2019-01-12 19:18:45,2019-01-12 18:13:35,2019-01-12 19:30:00,Lastbil med haveri ca 1 mil norr om Tönnebro. Det rör sig även personer runt fordonet.,6771941,606024,61.067895034299745,16.964690557843724,428389808
34,34,2019,Januari  ,2019-01-17/01:09:02-1/4,255,Bärgning,E4 från Trafikplats Tönnebro (203) till Axmartavlan (202) i riktning mot Uppsala i Gävleborgs län (X),E4,Syd,XXXXXXXXX|OOOOOOOOO,2019-01-17 01:09:02,2019-01-17 02:09:53,2019-01-17 01:09:02,2019-01-17 02:15:00,Bärgning av personbil strax söder om Högbacka på enkelfiligsträcka. Stopp i södergående under bärgningsarbetet.  ,6771941,606024,61.067895034299745,16.964690557843724,428389808
36,36,2019,Januari  ,2019-01-17/14:18:15-1/4,255,Bärgning,E4 från Trafikplats Tönnebro (203) till Axmartavlan (202) i riktning mot Uppsala i Gävleborgs län (X),E4,Syd,XXXXXXXXX|OOOOOOOOO,2019-01-17 14:18:14,2019-01-17 14:32:57,2019-01-17 14:18:15,2019-01-17 14:30:00, Bärgning pågår. Vägen stängd ca Kl. 14:30,6771941,606024,61.067895034299745,16.964690557843724,428389808
39,39,2019,Januari  ,2019-01-18/12:28:50-1/4,255,Bärgning,E4 från Trafikplats Tönnebro (203) till Axmartavlan (202) i riktning mot Uppsala i Gävleborgs län (X),E4,Syd,XXXXXXXXX|OOOOOOOOO,2019-01-18 12:28:50,2019-01-18 13:03:49,2019-01-18 12:28:50,2019-01-18 13:00:00,bärgning av personbil södergående,6771941,606024,61.067895034299745,16.964690557843724,428389808
47,47,2019,Januari  ,2019-01-21/07:18:07-1/4,10,Belysning medelpriofel #,E4 vid Trafikplats Tönnebro (203) båda riktningarna i Gävleborgs län (X),E4,Båda,OOOOOOOOO|OOOOOOOOO,2019-01-21 07:18:06,2019-01-21 07:19:07,2019-01-21 07:18:07,,Belysningsstolpe nerkörd.,6771942,606025,61.06790373745703,16.96470963159239,428389808
51,51,2019,Januari  ,2019-01-27/13:11:45-1/4,35,Olycka,E4 från Trafikplats Tönnebro (203) till Axmartavlan (202) i riktning mot Uppsala i Gävleborgs län (X),E4,Syd,OOOOOOOOX|OOOOOOOOO,2019-01-27 13:11:44,2019-01-27 15:02:59,2019-01-27 13:11:45,2019-01-27 15:00:00,"Ca en km söder om Tönnebro, trafikolycka med två personbilar.Polis på plats, mycket begränsad framkomlighet .Bärgare påväg. ",6771941,606024,61.067895034299745,16.964690557843724,428389808
52,52,2019,Januari  ,2019-01-27/14:38:40-1/4,32,Stillastående fordon,E4 vid Trafikplats Tönnebro (203) i riktning mot Uppsala i Gävleborgs län (X),E4,Syd,OOOOOOOOX|OOOOOOOOO,2019-01-27 14:38:40,2019-01-27 17:46:52,2019-01-27 14:38:40,2019-01-27 18:00:00,"Lastbil med haveri, står i vänster körfält, går att passera. Bärgare är beställd och beräknas vara på plats klockan 17:00",6771942,606025,61.06790373745703,16.96470963159239,428389808
54,54,2019,Januari  ,2019-01-28/13:19:55-1/4,34,Föremål på vägbanan,E4 från Trafikplats Tönnebro (203) till Trafikplats Sörljusne (204) i riktning mot Sundsvall i Gävleborgs län (X),E4,Norr,OOOOOOOOO|XOOOOOOOO,2019-01-28 13:19:54,2019-01-28 15:46:21,2019-01-28 13:19:55,2019-01-28 16:00:00,Skrot på vägen. norrgående,6771941,606024,61.067895034299745,16.964690557843724,428389808
56,56,2019,Januari  ,2019-01-29/08:26:26-1/4,32,Stillastående fordon,E4 från Trafikplats Tönnebro (203) till Axmartavlan (202) i riktning mot Uppsala i Gävleborgs län (X),E4,Syd,OOOOOOOOX|OOOOOOOOO,2019-01-29 08:26:26,2019-01-29 09:17:34,2019-01-29 08:26:26,2019-01-29 09:30:00,"Lastbil som står stilla på enfiligsträcka söder om Tönnebro. _x000D_
Mycket begränsad framkomlighet. _x000D_
 ",6771941,606024,61.067895034299745,16.964690557843724,428389808
58,58,2019,Januari  ,2019-01-29/10:07:28-1/4,379,Skadat räcke #,E4 från Trafikplats Tönnebro (203) till Axmartavlan (202) i riktning mot Uppsala i Gävleborgs län (X),E4,Syd,OOOOOOOOX|OOOOOOOOO,2019-01-29 10:07:28,2019-01-29 10:11:47,2019-01-29 10:07:28,2019-01-29 16:00:00,"Singelolycka, personbil kört in i mitträcket, strax norr om Axmartavlan. 5 stolpar nere i mitträcket.",6771941,606024,61.067895034299745,16.964690557843724,428389808
71,71,2019,Februari ,2019-02-04/10:03:21-1/4,32,Stillastående fordon,E4 från Trafikplats Tönnebro (203) till Axmartavlan (202) i riktning mot Uppsala i Gävleborgs län (X),E4,Syd,OOOOOOOOX|OOOOOOOOO,2019-02-04 10:03:21,2019-02-04 15:47:58,2019-02-04 10:03:21,2019-02-04 16:00:00,Stillastående personbil södergående. ,6771941,606024,61.067895034299745,16.964690557843724,428389808
110,110,2019,Februari ,2019-02-20/10:26:31-1/4,32,Stillastående fordon,E4 från Trafikplats Tönnebro (203) till Axmartavlan (202) i riktning mot Uppsala i Gävleborgs län (X),E4,Syd,OOOOOOOOX|OOOOOOOOO,2019-02-20 10:26:31,2019-02-20 11:31:29,2019-02-20 10:26:31,2019-02-20 11:30:00,Personbil som inväntar bärgare står ca 2 km söder om Tpl. Tönnebro på sidan av vägen. I riktning mot Gävle.,6771941,606024,61.067895034299745,16.964690557843724,428389808
111,111,2019,Februari ,2019-02-20/10:29:59-1/4,379,Skadat räcke #,E4 från Trafikplats Tönnebro (203) till Axmartavlan (202) i riktning mot Uppsala i Gävleborgs län (X),E4,Syd,OOOOOOOOX|OOOOOOOOO,2019-02-20 10:29:59,2019-02-20 10:31:49,2019-02-20 10:29:59,2019-02-20 10:35:00,Personbil som kört på mittvajer ca 2 km söder om Tpl. Tönnebro i riktning mot Gävle. Inkom från polisen. ,6771941,606024,61.067895034299745,16.964690557843724,428389808
112,112,2019,Februari ,2019-02-20/11:28:36-1/4,255,Bärgning,E4 från Trafikplats Tönnebro (203) till Axmartavlan (202) i riktning mot Uppsala i Gävleborgs län (X),E4,Syd,XXXXXXXXX|OOOOOOOOO,2019-02-20 11:28:35,2019-02-20 11:41:00,2019-02-20 11:35:00,2019-02-20 11:50:00,Personbil bärgas ca 2 km söder om Tpl. Tönnebro. Vägen stängd ca 15 miniuter. ,6771941,606024,61.067895034299745,16.964690557843724,428389808
114,114,2019,Februari ,2019-02-27/18:30:31-1/4,34,Föremål på vägbanan,E4 från Trafikplats Tönnebro (203) till Axmartavlan (202) i riktning mot Uppsala i Gävleborgs län (X),E4,Syd,OOOOOOOOX|OOOOOOOOO,2019-02-27 18:30:31,2019-02-27 19:32:51,2019-02-27 18:30:31,2019-02-27 20:00:00,"Tappad gods strax söder om Tönnebro, personal påväg. ",6771941,606024,61.067895034299745,16.964690557843724,428389808
116,116,2019,Mars     ,2019-03-01/17:46:56-1/4,32,Stillastående fordon,E4 från Trafikplats Tönnebro (203) till Axmartavlan (202) i riktning mot Uppsala i Gävleborgs län (X),E4,Syd,OOOOOOOOX|OOOOOOOOO,2019-03-01 17:46:55,2019-03-01 19:00:17,2019-03-01 17:46:56,2019-03-01 19:00:00,"Strax söder om Tönnbro på enfilig sträcka en stillastående personbil med släp, lite begränsad framkomlighet på platsen.",6771941,606024,61.067895034299745,16.964690557843724,428389808
117,117,2019,Mars     ,2019-03-02/15:43:04-1/4,35,Olycka,E4 från Trafikplats Tönnebro (203) till Axmartavlan (202) i riktning mot Uppsala i Gävleborgs län (X),E4,Syd,OOOOOOOOX|OOOOOOOOO,2019-03-02 15:43:03,2019-03-02 17:19:54,2019-03-02 15:43:04,2019-03-02 17:30:00,Trafikolycka flera personbilar. Polis är på plats,6771941,606024,61.067895034299745,16.964690557843724,428389808
118,118,2019,Mars     ,2019-03-02/16:08:56-1/4,169,Långsam kö,E4 från Trafikplats Tönnebro (203) till Trafikplats Hagsta (201) i riktning mot Uppsala i Gävleborgs län (X),E4,Syd,OOOOOOOOX|OOOOOOOOO,2019-03-02 16:08:56,2019-03-02 17:56:32,2019-03-02 16:08:56,2019-03-02 21:10:00,Långsam kö. Håll avståndet. ,6771941,606024,61.067895034299745,16.964690557843724,428389808
119,119,2019,Mars     ,2019-03-02/16:33:28-1/4,32,Stillastående fordon,E4 från Trafikplats Tönnebro (203) till Axmartavlan (202) i riktning mot Uppsala i Gävleborgs län (X),E4,Syd,OOOOOOOOX|OOOOOOOOO,2019-03-02 16:33:27,2019-03-02 17:24:17,2019-03-02 16:33:28,2019-03-02 17:50:00,Personbil med haveri i höjd med Tönnebro,6771941,606024,61.067895034299745,16.964690557843724,428389808
120,120,2019,Mars     ,2019-03-02/17:34:26-1/4,32,Stillastående fordon,E4 från Trafikplats Tönnebro (203) till Axmartavlan (202) i riktning mot Uppsala i Gävleborgs län (X),E4,Syd,OOOOOOOOX|OOOOOOOOO,2019-03-02 17:34:26,2019-03-02 17:56:10,2019-03-02 17:34:26,2019-03-02 18:45:00,Personbil med haveri i höjd med Tönnebro,6771941,606024,61.067895034299745,16.964690557843724,428389808
121,121,2019,Mars     ,2019-03-03/12:08:17-1/4,169,Långsam kö,E4 från Trafikplats Tönnebro (203) till Trafikplats Gävle N (200) i riktning mot Uppsala i Gävleborgs län (X),E4,Syd,OOOOOOOOX|OOOOOOOOO,2019-03-03 12:08:17,2019-03-03 20:43:46,2019-03-03 12:08:17,2019-03-03 22:00:00,Risk för kö. Håll avståndet.,6771941,606024,61.067895034299745,16.964690557843724,428389808
134,134,2019,Mars     ,2019-03-08/15:21:32-1/4,35,Olycka,E4 från Trafikplats Tönnebro (203) till Trafikplats Sörljusne (204) i riktning mot Sundsvall,E4,Norr,OOOOOOOOO|XOOOOOOOO,2019-03-08 15:21:32,2019-03-08 15:33:36,2019-03-08 15:21:20,2019-03-08 16:30:00,"Singelolycka med personbil i höjd med Tpl Sörljusne, risk för begränsad framkomlighet i norrgående körfält.",6771941,606024,61.067895034299745,16.964690557843724,428389808
142,142,2019,Mars     ,2019-03-12/13:08:39-1/4,32,Stillastående fordon,E4 från Trafikplats Tönnebro (203) till Trafikplats Sörljusne (204) i riktning mot Sundsvall i Gävleborgs län (X),E4,Norr,OOOOOOOOO|XOOOOOOOO,2019-03-12 13:08:38,2019-03-12 14:15:38,2019-03-12 13:08:39,2019-03-12 14:30:00,Stillastående personbil med släp. ,6771941,606024,61.067895034299745,16.964690557843724,428389808
149,149,2019,Mars     ,2019-03-14/19:08:25-1/4,32,Stillastående fordon,E4 från Trafikplats Tönnebro (203) till Axmartavlan (202) i riktning mot Uppsala i Gävleborgs län (X),E4,Syd,XOOOOOOOX|OOOOOOOOO,2019-03-14 19:08:25,2019-03-14 20:34:19,2019-03-14 19:08:25,2019-03-14 20:41:00,En dikeskörd personbil på E4 i höjd med Tönnebro,6771941,606024,61.067895034299745,16.964690557843724,428389808
172,172,2019,Mars     ,2019-03-24/21:42:27-1/4,255,Bärgning,E4 från Trafikplats Tönnebro (203) till Axmartavlan (202) i riktning mot Uppsala i Gävleborgs län (X),E4,Syd,OOOOOOOOX|OOOOOOOOO,2019-03-24 21:42:27,2019-03-24 23:16:52,2019-03-24 21:42:27,2019-03-24 23:30:00,"Däckbyte på en lastbil, begränsad framkomlighet. Detta är strax norr om Högbacka. ",6771941,606024,61.067895034299745,16.964690557843724,428389808
174,174,2019,Mars     ,2019-03-25/06:29:06-1/4,35,Olycka,E4 från Trafikplats Tönnebro (203) till Axmartavlan (202) i riktning mot Uppsala i Gävleborgs län (X),E4,Syd,OOOOOOOOX|OOOOOOOOO,2019-03-25 06:29:05,2019-03-25 07:39:39,2019-03-25 06:28:51,2019-03-25 07:45:00,Personbil som kört in i mitträcket på E4 mellan Tönnebro och Högbacka,6771941,606024,61.067895034299745,16.964690557843724,428389808
187,187,2019,April    ,2019-04-08/16:05:18-2/4,35,Olycka,E4 från Trafikplats Tönnebro (203) till Rastplats Högbacka i riktning mot Gävle i Gävleborgs län (X),E4,Syd,OOOOOOOOX|OOOOOOOOO,2019-04-08 16:05:17,2019-04-08 17:13:59,2019-04-08 16:04:39,2019-04-08 17:15:00,"Singelolycka med personbil strax norr om Rastplats Högbacka, risk för begränsad framkomlighet i södergående körfält.",6771941,606024,61.067895034299745,16.964690557843724,428389808
191,191,2019,April    ,2019-04-09/19:41:25-1/4,32,Stillastående fordon,E4 från Trafikplats Tönnebro (203) till Trafikplats Sörljusne (204) i riktning mot Sundsvall i Gävleborgs län (X),E4,Norr,OOOOOOOOO|OOOOOOOOO,2019-04-09 19:41:24,2019-04-09 20:42:27,2019-04-09 19:41:25,2019-04-09 22:00:00,"En bil ligger i diket i höjd med Norrbränningen, ",6771941,606024,61.067895034299745,16.964690557843724,428389808
192,192,2019,April    ,2019-04-09/20:36:33-1/4,35,Olycka,E4 från Trafikplats Tönnebro (203) till Trafikplats Sörljusne (204) i riktning mot Sundsvall i Gävleborgs län (X),E4,Norr,OOOOOOOOO|XOOOOOOOO,2019-04-09 20:36:32,2019-04-09 21:19:08,2019-04-09 20:36:06,2019-04-09 21:30:00,"Personbil, singelolycka i höjd med Norrbränningen. Risk för begränsad framkomlighet.",6771941,606024,61.067895034299745,16.964690557843724,428389808
199,199,2019,April    ,2019-04-15/20:01:08-1/4,255,Bärgning,E4 från Trafikplats Tönnebro (203) till Axmartavlan (202) i riktning mot Uppsala i Gävleborgs län (X),E4,Syd,XXXXXXXXX|OOOOOOOOO,2019-04-15 20:01:08,2019-04-15 20:29:20,2019-04-15 20:15:00,2019-04-15 20:35:00,"Bärgning personbil straxt före Axmartavlan i riktning mot Gävle. _x000D_
Vägen helt avstängd från kL 20:15-20:35",6771941,606024,61.067895034299745,16.964690557843724,428389808
203,203,2019,April    ,2019-04-17/00:47:43-1/4,34,Föremål på vägbanan,E4 från Trafikplats Tönnebro (203) till Trafikplats Sörljusne (204) i riktning mot Sundsvall i Gävleborgs län (X),E4,Norr,OOOOOOOOO|XOOOOOOOO,2019-04-17 00:47:43,2019-04-17 01:23:57,2019-04-17 00:47:43,2019-04-17 03:00:00,Lastbilsdäck på enfilig sträcka i höjd med Norrbränningen. Personal på väg.,6771941,606024,61.067895034299745,16.964690557843724,428389808
216,216,2019,April    ,2019-04-21/10:15:28-1/4,169,Långsam kö,E4 från Trafikplats Tönnebro (203) till Trafikplats Gävle N (200) i riktning mot Gävle i Gävleborgs län (X),E4,Syd,OOOOOOOOX|OOOOOOOOO,2019-04-21 10:15:28,2019-04-22 20:00:31,2019-04-22 13:00:00,2019-04-22 20:00:00,Omkörningsförbud på sträckan Tönnebro - Gävle N under Annandag Påsk mellan 13.00-20.00. Sluttiden är preliminär. ,6771941,606024,61.067895034299745,16.964690557843724,428389808
217,217,2019,April    ,2019-04-21/14:24:26-1/4,169,Långsam kö,E4 från Trafikplats Tönnebro (203) till Trafikplats Gävle N (200) i riktning mot Uppsala i Gävleborgs län (X),E4,Syd,OOOOOOOOX|OOOOOOOOO,2019-04-21 14:24:26,2019-04-21 22:09:53,2019-04-21 14:24:26,2019-04-21 23:30:00,"Långsam kö på grund av påsktrafik mellan Tönnebro och Gävle, om möjligt välj alternativa vägar.",6771941,606024,61.067895034299745,16.964690557843724,428389808
221,221,2019,April    ,2019-04-23/15:15:49-1/4,32,Stillastående fordon,E4 från Trafikplats Tönnebro (203) till Axmartavlan (202) i riktning mot Uppsala i Gävleborgs län (X),E4,Syd,XXXXXXXXX|OOOOOOOOO,2019-04-23 15:15:48,2019-04-23 16:40:48,2019-04-23 15:15:49,2019-04-23 17:00:00,Stillastående lastbil med däckexplosion södergående riktning enkelfilig sträcka. Servicebil på plats. ,6771941,606024,61.067895034299745,16.964690557843724,428389808
223,223,2019,April    ,2019-04-23/16:46:30-1/4,169,Långsam kö,E4 från Trafikplats Tönnebro (203) till Axmartavlan (202) i riktning mot Uppsala i Gävleborgs län (X),E4,Syd,OOOOOOOOX|OOOOOOOOO,2019-04-23 16:46:30,2019-04-23 17:01:53,2019-04-23 16:46:30,2019-04-23 17:30:00,Köbildning sen tidigare bärgning. ,6771941,606024,61.067895034299745,16.964690557843724,428389808
224,224,2019,April    ,2019-04-23/18:11:51-1/4,255,Bärgning,E4 från Trafikplats Tönnebro (203) till Trafikplats Sörljusne (204) i riktning mot Sundsvall i Gävleborgs län (X),E4,Norr,OOOOOOOOO|XXXXXXXXX,2019-04-23 18:11:51,2019-04-23 18:38:02,2019-04-23 18:11:51,2019-04-23 19:00:00,Bil som fått haveri. Vägen avstängd under bärgningsarbetet.,6771941,606024,61.067895034299745,16.964690557843724,428389808
251,251,2019,Maj      ,2019-05-15/15:08:31-1/4,24,Långsamtgående fordon,E4 från Trafikplats Tönnebro (203) till Trafikplats Sörljusne (204) i riktning mot Sundsvall i Gävleborgs län (X),E4,Norr,OOOOOOOOO|XOOOOOOOO,2019-05-15 15:08:30,2019-05-15 16:05:06,2019-05-15 15:08:31,2019-05-15 16:00:00,Person på mopen på körbanan kör riktning mot Söderhamn.,6771941,606024,61.067895034299745,16.964690557843724,428389808
254,254,2019,Maj      ,2019-05-15/16:27:52-1/4,32,Stillastående fordon,E4 från Trafikplats Tönnebro (203) till Axmartavlan (202) i riktning mot Uppsala i Gävleborgs län (X),E4,Syd,XOOOOOOOX|OOOOOOOOO,2019-05-15 16:27:52,2019-05-15 17:00:23,2019-05-15 16:27:52,2019-05-15 17:00:00,"Strax norr om rastplats Högbacka en personbil och lastbil på del av vägen, begränsad framkomlighet.",6771941,606024,61.067895034299745,16.964690557843724,428389808
268,268,2019,Maj      ,2019-05-24/13:20:24-1/4,28,Människor på vägbanan,E4 från Trafikplats Tönnebro (203) till Trafikplats Söderhamn S (206) i riktning mot Sundsvall i Gävleborgs län (X),E4,Norr,OOOOOOOOO|XOOOOOOOO,2019-05-24 13:20:24,2019-05-24 15:05:12,2019-05-24 13:20:24,2019-05-24 15:00:00,cyklist i norrgående körfält,6771941,606024,61.067895034299745,16.964690557843724,428389808
270,270,2019,Maj      ,2019-05-25/08:46:40-1/4,35,Olycka,E4 från Trafikplats Tönnebro (203) till Trafikplats Sörljusne (204) i riktning mot Sundsvall i Gävleborgs län (X),E4,Norr,OOOOOOOOO|XOOOOOOOO,2019-05-25 08:46:40,2019-05-25 09:50:17,2019-05-25 08:46:21,2019-05-25 10:00:00,"Flera fordon i höjd med Ljusne, det råder mycket begränsad framkomlighet.",6771941,606024,61.067895034299745,16.964690557843724,428389808
275,275,2019,Maj      ,2019-05-28/16:40:45-1/4,32,Stillastående fordon,E4 från Trafikplats Tönnebro (203) till Axmartavlan (202) i riktning mot Uppsala i Gävleborgs län (X),E4,Syd,OOOOOOOOX|OOOOOOOOO,2019-05-28 16:40:44,2019-05-28 18:37:07,2019-05-28 16:40:45,2019-05-28 18:30:00,Lastbil strax norr om axmartavlan.,6771941,606024,61.067895034299745,16.964690557843724,428389808
281,281,2019,Juni     ,2019-06-01/15:52:25-1/4,32,Stillastående fordon,E4 från Trafikplats Tönnebro (203) till Axmartavlan (202) i riktning mot Uppsala i Gävleborgs län (X),E4,Syd,OOOOOOOOX|OOOOOOOOO,2019-06-01 15:52:25,2019-06-01 18:46:33,2019-06-01 15:52:25,2019-06-01 19:00:00,En personbil står stilla i södergående vid Tpl Tönnebro,6771941,606024,61.067895034299745,16.964690557843724,428389808
282,282,2019,Juni     ,2019-06-01/18:07:16-1/4,255,Bärgning,E4 från Trafikplats Tönnebro (203) till Axmartavlan (202) i riktning mot Gävle i Gävleborgs län (X),E4,Syd,XXXXXXXXX|OOOOOOOOO,2019-06-01 18:07:15,2019-06-01 19:19:21,2019-06-01 18:42:00,2019-06-01 19:20:00,Bärgning av personbil i södergående körfält vid Tpl Tönnebro. Södergående körfält stängs av under arbetet.,6771941,606024,61.067895034299745,16.964690557843724,428389808
294,294,2019,Juni     ,2019-06-17/15:06:59-1/4,255,Bärgning,E4 från Trafikplats Tönnebro (203) till Axmartavlan (202) i riktning mot Uppsala i Gävleborgs län (X),E4,Syd,OOOOOOOOX|OOOOOOOOO,2019-06-17 15:06:59,2019-06-17 15:58:56,2019-06-17 15:06:59,2019-06-17 16:15:00,Bärgning ca 3km söder om Tönnebro.,6771941,606024,61.067895034299745,16.964690557843724,428389808
301,301,2019,Juni     ,2019-06-20/07:49:37-1/4,34,Föremål på vägbanan,E4 från Trafikplats Tönnebro (203) till Axmartavlan (202) i riktning mot Uppsala i Gävleborgs län (X),E4,Syd,OOOOOOOOX|OOOOOOOOO,2019-06-20 07:49:37,2019-06-20 08:08:45,2019-06-20 07:49:37,2019-06-20 09:30:00,Stålkratta på vägen söder om Tönnebro. Enfilig sträcka. Personal på väg.,6771941,606024,61.067895034299745,16.964690557843724,428389808
303,303,2019,Juni     ,2019-06-20/23:56:11-1/4,9,Djur på vägbanan,E4 från Trafikplats Tönnebro (203) till Trafikplats Sörljusne (204) i riktning mot Sundsvall i Gävleborgs län (X),E4,Norr,OOOOOOOOO|OOOOOOOOO,2019-06-20 23:56:10,2019-06-21 00:24:22,2019-06-20 23:56:11,2019-06-21 01:00:00,Påkört rådjur på vägbanan strax söder om Sörljusne. ,6771941,606024,61.067895034299745,16.964690557843724,428389808
305,305,2019,Juni     ,2019-06-23/11:51:37-1/4,169,Långsam kö,E4 från Trafikplats Tönnebro (203) till Trafikplats Hagsta (201) i riktning mot Uppsala i Gävleborgs län (X),E4,Syd,OOOOOOOOX|OOOOOOOOO,2019-06-23 11:51:37,2019-06-23 20:20:31,2019-06-23 11:51:37,2019-06-23 20:30:00, Risk för kö.,6771941,606024,61.067895034299745,16.964690557843724,428389808
327,327,2019,Juli     ,2019-07-05/16:18:49-1/4,32,Stillastående fordon,E4 från Trafikplats Tönnebro (203) till Axmartavlan (202) i riktning mot Uppsala i Gävleborgs län (X),E4,Syd,OOOOOOOOO|OOOOOOOOO,2019-07-05 16:18:49,2019-07-05 17:02:39,2019-07-05 16:18:49,2019-07-05 17:00:00,"En bil står med punktering, kan vara svår att upptäcka.",6771941,606024,61.067895034299745,16.964690557843724,428389808
329,329,2019,Juli     ,2019-07-08/15:38:24-1/4,32,Stillastående fordon,E4 från Trafikplats Tönnebro (203) till Axmartavlan (202) i riktning mot Uppsala i Gävleborgs län (X),E4,Syd,OOOOOOOOO|OOOOOOOOO,2019-07-08 15:38:24,2019-07-08 16:16:26,2019-07-08 15:38:24,2019-07-08 16:30:00,Husbil som fått punktering,6771941,606024,61.067895034299745,16.964690557843724,428389808
334,334,2019,Juli     ,2019-07-09/21:36:13-1/4,28,Människor på vägbanan,E4 från Trafikplats Tönnebro (203) till Axmartavlan (202) i riktning mot Uppsala i Gävleborgs län (X),E4,Syd,OOOOOOOOX|OOOOOOOOO,2019-07-09 21:36:12,2019-07-09 21:56:50,2019-07-09 21:36:13,2019-07-09 22:00:00,Cyklist på vägen.,6771941,606024,61.067895034299745,16.964690557843724,428389808
335,335,2019,Juli     ,2019-07-10/14:52:10-1/4,28,Människor på vägbanan,E4 från Trafikplats Tönnebro (203) till Axmartavlan (202) i riktning mot Uppsala i Gävleborgs län (X),E4,Syd,OOOOOOOOX|OOOOOOOOO,2019-07-10 14:52:10,2019-07-10 15:47:52,2019-07-10 14:52:10,2019-07-10 16:00:00,Person cyklandes efter vägen. ,6771941,606024,61.067895034299745,16.964690557843724,428389808
347,347,2019,Juli     ,2019-07-18/17:02:02-1/4,9,Djur på vägbanan,E4 från Trafikplats Tönnebro (203) till Axmartavlan (202) i riktning mot Uppsala i Gävleborgs län (X),E4,Syd,OOOOOOOOX|OOOOOOOOO,2019-07-18 17:02:02,2019-07-18 17:43:55,2019-07-18 17:02:02,2019-07-18 19:00:00,Det ligger ett trafikdödat rådjur vid vägkanten påfarten söderut ifrån Tönnebro. Personal på väg till platsen.,6771941,606024,61.067895034299745,16.964690557843724,428389808
381,381,2019,Augusti  ,2019-08-15/19:47:37-1/4,32,Stillastående fordon,E4 från Trafikplats Tönnebro (203) till Axmartavlan (202) i riktning mot Uppsala i Gävleborgs län (X),E4,Syd,OOOOOOOOX|OOOOOOOOO,2019-08-15 19:47:36,2019-08-15 21:03:21,2019-08-15 19:47:37,2019-08-15 21:00:00,Personbil med släpvagn på enfilig sträcka i höjd med Högbacka i riktning mot Gävle. Trångt att passera.,6771941,606024,61.067895034299745,16.964690557843724,428389808
385,385,2019,Augusti  ,2019-08-18/15:06:34-1/4,28,Människor på vägbanan,E4 från Trafikplats Tönnebro (203) till Axmartavlan (202) i riktning mot Uppsala i Gävleborgs län (X),E4,Syd,OOOOOOOOX|OOOOOOOOO,2019-08-18 15:06:34,2019-08-18 15:46:19,2019-08-18 15:06:34,2019-08-18 16:00:00,Två cyklister som cyklar på motorvägen söderut. ,6771941,606024,61.067895034299745,16.964690557843724,428389808
386,386,2019,Augusti  ,2019-08-18/15:37:58-1/4,35,Olycka,E4 från Trafikplats Tönnebro (203) till Axmartavlan (202) i riktning mot Uppsala i Gävleborgs län (X),E4,Syd,OOOOOOOOX|OOOOOOOOO,2019-08-18 15:37:57,2019-08-18 16:26:38,2019-08-18 15:37:35,2019-08-18 16:40:00,Olycka med flera fordon i höjd med Högbacka. Risk för begränsad framkomlighet.,6771941,606024,61.067895034299745,16.964690557843724,428389808
395,395,2019,Augusti  ,2019-08-21/08:53:28-1/4,34,Föremål på vägbanan,E4 från Trafikplats Tönnebro (203) till Trafikplats Sörljusne (204) i riktning mot Sundsvall i Gävleborgs län (X),E4,Norr,OOOOOOOOO|XOOOOOOOO,2019-08-21 08:53:27,2019-08-21 10:45:19,2019-08-21 08:53:28,2019-08-21 10:30:00,Däcksrester som ligger på vägen strax norr om tpl Tönnebro i höjd med Noran i norrgående körfält. Personal på väg till plasten. ,6771941,606024,61.067895034299745,16.964690557843724,428389808
404,404,2019,Augusti  ,2019-08-26/06:30:17-1/4,32,Stillastående fordon,E4 från Trafikplats Tönnebro (203) till Axmartavlan (202) i riktning mot Uppsala i Gävleborgs län (X),E4,Syd,OOOOOOOOX|OOOOOOOOO,2019-08-26 06:30:17,2019-08-26 06:40:01,2019-08-26 06:30:17,2019-08-26 07:30:00,Lastbil med haveri söder om Tönnebro. Risk för begränsad framkomlighet.,6771941,606024,61.067895034299745,16.964690557843724,428389808
413,413,2019,Augusti  ,2019-08-29/18:43:07-1/4,301,Hinder på vägbanan,E4 från Trafikplats Tönnebro (203) till Axmartavlan (202) i riktning mot Uppsala i Gävleborgs län (X),E4,Syd,OOOOOOOOX|OOOOOOOOO,2019-08-29 18:43:06,2019-08-29 19:22:37,2019-08-29 18:42:29,2019-08-29 19:44:00,Träd som ligger över hela vägbanan i södergående körfält. Personal är på väg till platsen.,6771941,606024,61.067895034299745,16.964690557843724,428389808
423,423,2019,September,2019-09-01/15:26:44-1/4,32,Stillastående fordon,E4 från Trafikplats Tönnebro (203) till Axmartavlan (202) i riktning mot Uppsala i Gävleborgs län (X),E4,Syd,OOOOOOOOX|OOOOOOOOO,2019-09-01 15:26:44,2019-09-01 15:58:33,2019-09-01 15:26:44,2019-09-01 16:30:00,Stillastående personbil söder om Tönnebro i höjd med Bergby. I södergående körfält. ,6771941,606024,61.067895034299745,16.964690557843724,428389808
424,424,2019,September,2019-09-01/15:47:55-1/4,255,Bärgning,E4 från Trafikplats Tönnebro (203) till Axmartavlan (202) i riktning mot Uppsala i Gävleborgs län (X),E4,Syd,OOOOOOOOX|OOOOOOOOO,2019-09-01 15:47:54,2019-09-01 16:02:17,2019-09-01 15:47:55,2019-09-01 16:00:00,Bärgning av personbil söder om Tönnebro i höjd med Bergby. I södergående körfält. Vägen är avstängd under bärgninge. ,6771941,606024,61.067895034299745,16.964690557843724,428389808
452,452,2019,Oktober  ,2019-10-02/14:13:27-1/4,32,Stillastående fordon,E4 från Trafikplats Tönnebro (203) till Axmartavlan (202) i riktning mot Uppsala i Gävleborgs län (X),E4,Syd,OOOOOOOOX|OOOOOOOOO,2019-10-02 14:13:27,2019-10-02 15:04:18,2019-10-02 14:13:27,2019-10-02 15:00:00,"En militärfordon har tappat ett framhjul, begränsad framkomlighet.",6771941,606024,61.067895034299745,16.964690557843724,428389808
475,475,2019,Oktober  ,2019-10-21/18:51:18-1/4,32,Stillastående fordon,E4 från Trafikplats Tönnebro (203) till Trafikplats Sörljusne (204) i riktning mot Sundsvall i Gävleborgs län (X),E4,Norr,OOOOOOOOO|XOOOOOOOO,2019-10-21 18:51:17,2019-10-21 19:33:25,2019-10-21 18:51:18,2019-10-21 20:00:00,"En bil med släp står lite illa till med motorproblem, tvåfiligt men kan dyka upp plötsligt.",6771941,606024,61.067895034299745,16.964690557843724,428389808
485,485,2019,Oktober  ,2019-10-23/17:10:40-1/4,5,Brinnande fordon,E4 från Trafikplats Tönnebro (203) till Axmartavlan (202) i riktning mot Uppsala i Gävleborgs län (X),E4,Syd,OOOOOOOOX|OOOOOOOOO,2019-10-23 17:10:40,2019-10-23 17:39:58,2019-10-23 17:10:13,2019-10-23 18:10:00,Personbil som har börjat brinna under färd söder om Tönnebro. Risk för begränsad framkomlighet. ,6771941,606024,61.067895034299745,16.964690557843724,428389808
502,502,2019,November ,2019-11-08/18:29:53-1/4,32,Stillastående fordon,E4 från Trafikplats Tönnebro (203) till Trafikplats Sörljusne (204) i riktning mot Sundsvall i Gävleborgs län (X),E4,Norr,OOOOOOOOO|XOOOOOOOO,2019-11-08 18:29:52,2019-11-08 19:43:20,2019-11-08 18:29:53,2019-11-08 19:30:00,"Personbil som inväntar bärgare, precis norr om Tönnebro rastplats, står i höger körfält. Begränsad framkomlighet. _x000D_
_x000D_
",6771941,606024,61.067895034299745,16.964690557843724,428389808
505,505,2019,November ,2019-11-08/22:04:57-1/4,269,Påkört viltstängsel #,E4 från Trafikplats Tönnebro (203) till Trafikplats Sörljusne (204) i riktning mot Sundsvall i Gävleborgs län (X),E4,Norr,OOOOOOOOO|XOOOOOOOO,2019-11-08 22:04:57,2019-11-08 22:22:40,2019-11-08 22:04:57,2019-11-08 23:15:00,Singelolycka personbil i höjd med Sörbränningen. Personbil som kört av vägen och in i viltstängslet. och minimala skador på viltstängslet enl. rtj. Söder om sörbränningen i norrg. ,6771941,606024,61.067895034299745,16.964690557843724,428389808
514,514,2019,November ,2019-11-10/17:14:38-1/4,169,Långsam kö,E4 från Trafikplats Tönnebro (203) till Trafikplats Gävle N (200) i riktning mot Uppsala i Gävleborgs län (X),E4,Syd,OOOOOOOOO|OOOOOOOOO,2019-11-10 17:14:37,2019-11-10 19:02:22,2019-11-10 17:14:38,2019-11-10 19:00:00,Risk för kö. Håll avståndet. ,6771941,606024,61.067895034299745,16.964690557843724,428389808
518,518,2019,November ,2019-11-22/18:28:55-1/4,5,Brinnande fordon,E4 från Trafikplats Tönnebro (203) till Trafikplats Sörljusne (204) i riktning mot Söderhamni Gävleborgs län (X),E4,Norr,OOOOOOOOO|XOOOOOOOO,2019-11-22 18:28:54,2019-11-22 18:43:05,2019-11-22 18:28:40,2019-11-22 19:30:00,"Brinnande fordon, risk för begränsad framkomlighet i norrgående körfält",6771941,606024,61.067895034299745,16.964690557843724,428389808
520,520,2019,November ,2019-11-28/09:34:34-1/4,387,Olycka oskyddad,E4 från Trafikplats Tönnebro (203) till Trafikplats Sörljusne (204) i riktning mot Sundsvall i Gävleborgs län (X),E4,Norr,OOOOOOOOO|XOOOOOOOO,2019-11-28 09:34:34,2019-11-28 09:50:33,2019-11-28 09:34:34,2019-11-28 10:30:00,"Ca 15 km söder om Söderhamn en personbil som kört in i räcket, mycket begränsad framkomlighet på platsen.",6771941,606024,61.067895034299745,16.964690557843724,428389808
521,521,2019,November ,2019-11-28/09:36:09-1/4,379,Skadat räcke #,E4 från Trafikplats Tönnebro (203) till Trafikplats Sörljusne (204) i riktning mot Sundsvall i Gävleborgs län (X),E4,Norr,OOOOOOOOO|XOOOOOOOO,2019-11-28 09:36:08,2019-11-28 09:37:01,2019-11-28 09:36:09,2019-11-28 16:00:00,"Ca 15 km söder om Söderhamn en personbil som kört in i räcket, ca 10-15 nerkörd stolp ",6771941,606024,61.067895034299745,16.964690557843724,428389808
538,538,2019,December ,2019-12-17/08:31:43-1/4,32,Stillastående fordon,E4 från Trafikplats Tönnebro (203) till Trafikplats Sörljusne (204) i riktning mot Hudiksvall i Gävleborgs län (X),E4,Norr,OOOOOOOOO|XOOOOOOOO,2019-12-17 08:31:43,2019-12-17 08:49:23,2019-12-17 08:31:43,2019-12-17 09:30:00,"Stillastående personbil med punktering i norrgående körfält, bärgare inväntas.",6771941,606024,61.067895034299745,16.964690557843724,428389808
541,541,2019,December ,2019-12-17/16:32:18-1/4,273,Vägskada #,E4 från Trafikplats Tönnebro (203) till Axmartavlan (202) i riktning mot Uppsala i Gävleborgs län (X),E4,Syd,OOOOOOOOX|OOOOOOOOO,2019-12-17 16:32:18,2019-12-17 16:36:12,2019-12-17 16:32:18,,Slukhål/nedsänkning ca 1 km före Axmartavlan södergående,6771941,606024,61.067895034299745,16.964690557843724,428389808
543,543,2019,December ,2019-12-18/00:39:55-1/4,287,Bärgning av tungt fordon,E4 från Trafikplats Tönnebro (203) till Axmartavlan (202) i riktning mot Uppsala i Gävleborgs län (X),E4,Syd,XXXXXXXXX|OOOOOOOOO,2019-12-18 00:39:55,2019-12-18 00:41:55,2019-12-18 01:00:00,2019-12-18 04:00:00,Bärgning av lastbil efter tidigare olycka i höjd med Skarvberget. Vägen helt avstängd i södergående riktning. Södergående trafik leds om via väg 583 Hagsta. Observera att sluttiden är preliminär och kan komma att ändras.,6771941,606024,61.067895034299745,16.964690557843724,428389808
544,544,2019,December ,2019-12-18/00:41:36-1/4,287,Bärgning av tungt fordon,E4 från Trafikplats Tönnebro (203) till Trafikplats Hagsta (201) i riktning mot Uppsala i Gävleborgs län (X),E4,Syd,OOOOOOOOO|OOOOOOOOO,2019-12-18 00:41:35,2019-12-18 05:59:00,2019-12-18 01:00:00,2019-12-18 06:00:00,Bärgning av lastbil efter tidigare olycka i höjd med Skarvberget. Vägen helt avstängd i södergående riktning. Södergående trafik leds om via väg 583 Hagsta. Observera att sluttiden är preliminär och kan komma att ändras.,6771941,606024,61.067895034299745,16.964690557843724,428389808
559,559,2019,December ,2019-12-24/11:14:08-1/4,273,Vägskada #,E4 från Trafikplats Tönnebro (203) till Axmartavlan (202) i riktning mot Uppsala i Gävleborgs län (X),E4,Syd,OOOOOOOOX|OOOOOOOOO,2019-12-24 11:14:07,2019-12-24 11:18:20,2019-12-24 11:14:08,2019-12-24 16:00:00,Potthål i hjulspår. ,6771941,606024,61.067895034299745,16.964690557843724,428389808
561,561,2019,December ,2019-12-26/12:47:56-1/4,169,Långsam kö,E4 från Trafikplats Tönnebro (203) till Trafikplats Gävle N (200) i riktning mot Gävle i Gävleborgs län (X),E4,Syd,OOOOOOOOX|OOOOOOOOO,2019-12-26 12:47:56,2019-12-26 17:52:40,2019-12-26 12:47:56,2019-12-26 19:00:00,Tät trafik på sträckan Tönnebro - Gävle. Risk för köbildning och förlängd restid.,6771941,606024,61.067895034299745,16.964690557843724,428389808
565,565,2019,December ,2019-12-27/19:04:58-1/4,32,Stillastående fordon,E4 från Trafikplats Tönnebro (203) till Trafikplats Sörljusne (204) i riktning mot Sundsvall i Gävleborgs län (X),E4,Norr,OOOOOOOOO|XOOOOOOOO,2019-12-27 19:04:58,2019-12-27 20:27:47,2019-12-27 19:04:58,2019-12-27 20:00:00,Personbil med motorhaveri på vägen vid Norrbränningen. Risk för begränsad framkomlighet.,6771941,606024,61.067895034299745,16.964690557843724,428389808
567,567,2020,Januari  ,2020-01-01/15:15:43-1/4,169,Långsam kö,E4 från Trafikplats Tönnebro (203) till Trafikplats Gävle N (200) i riktning mot Uppsala i Gävleborgs län (X),E4,Syd,OOOOOOOOX|OOOOOOOOO,2020-01-01 15:15:43,2020-01-01 15:17:18,2020-01-01 15:15:43,2020-01-01 19:00:00,Risk för kö. Håll avståndet.,6771941,606024,61.067895034299745,16.964690557843724,428389808
568,568,2020,Januari  ,2020-01-01/15:16:50-1/4,169,Långsam kö,E4 från Trafikplats Tönnebro (203) till Trafikplats Gävle N (200) i riktning mot Uppsala i Gävleborgs län (X),E4,Syd,OOOOOOOOX|OOOOOOOOO,2020-01-01 15:16:50,2020-01-01 19:00:43,2020-01-01 15:16:50,2020-01-01 19:00:00,Risk för kö. Håll avståndet.,6771941,606024,61.067895034299745,16.964690557843724,428389808
569,569,2020,Januari  ,2020-01-02/12:16:22-1/4,255,Bärgning,E4 vid Trafikplats Tönnebro (203) i riktning mot Uppsala i Gävleborgs län (X),E4,Syd,OOOOOOOOX|OOOOOOOOO,2020-01-02 12:16:21,2020-01-02 12:56:34,2020-01-02 12:16:22,2020-01-02 13:30:00,Bärgning av personbil med haveri på södra påfarten till E4. Vägen avstängd under bärgningsarbete. Sluttiden är preliminär och kan komma att ändras.,6771942,606025,61.06790373745703,16.96470963159239,428389808
570,570,2020,Januari  ,2020-01-03/06:32:02-1/4,27,Nedfallna träd,E4 från Trafikplats Tönnebro (203) till Axmartavlan (202) i riktning mot Uppsala i Gävleborgs län (X),E4,Syd,OOOOOOOOX|OOOOOOOOO,2020-01-03 06:32:01,2020-01-03 07:17:41,2020-01-03 06:31:47,2020-01-03 07:30:00,Träd över vägen strax söder om Tönnebro. ,6771941,606024,61.067895034299745,16.964690557843724,428389808
580,580,2020,Januari  ,2020-01-13/11:33:55-1/4,32,Stillastående fordon,E4 från Trafikplats Tönnebro (203) till Trafikplats Sörljusne (204) i riktning mot Sundsvall i Gävleborgs län (X),E4,Norr,OOOOOOOOO|XOOOOOOOO,2020-01-13 11:33:55,2020-01-13 12:30:06,2020-01-13 11:33:55,2020-01-13 12:30:00,Personbil med okänt haveri norr om Tönnebro i riktnig mot Söderhamn. ,6771941,606024,61.067895034299745,16.964690557843724,428389808
592,592,2020,Januari  ,2020-01-28/14:16:30-1/4,301,Hinder på vägbanan,E4 från Trafikplats Tönnebro (203) till Trafikplats Hagsta (201) i riktning mot Uppsala i Gävleborgs län (X),E4,Syd,OOOOOOOOX|OOOOOOOOO,2020-01-28 14:16:29,2020-01-28 15:26:17,2020-01-28 14:16:30,2020-01-28 16:00:00,Däcksrester på körbanan efter en lastbil. Personal på väg. ,6771941,606024,61.067895034299745,16.964690557843724,428389808
601,601,2020,Februari ,2020-02-04/17:27:04-1/4,35,Olycka,E4 från Trafikplats Tönnebro (203) till Axmartavlan (202) i riktning mot Uppsala i Gävleborgs län (X),E4,Syd,OOOOOOOOX|OOOOOOOOO,2020-02-04 17:27:04,2020-02-04 18:42:17,2020-02-04 17:26:32,2020-02-04 18:45:00,Singelolycka med personbil norr om Högbacka. Bärgare inväntas. Begränsad framkomlighet.,6771941,606024,61.067895034299745,16.964690557843724,428389808
603,603,2020,Februari ,2020-02-04/18:18:54-1/4,269,Påkört viltstängsel #,E4 från Trafikplats Tönnebro (203) till Axmartavlan (202) i riktning mot Uppsala i Gävleborgs län (X),E4,Syd,OOOOOOOOX|OOOOOOOOO,2020-02-04 18:18:53,2020-02-04 18:24:57,2020-02-04 18:18:54,2020-02-04 18:33:00,Singelolycka med personbil norr om Högbacka. 40- 50 meter viltstängsel påkört i samband med olyckan.,6771941,606024,61.067895034299745,16.964690557843724,428389808
604,604,2020,Februari ,2020-02-05/09:09:24-1/4,35,Olycka,E4 från Trafikplats Tönnebro (203) till Axmartavlan (202) i riktning mot Uppsala i Gävleborgs län (X),E4,Syd,OOOOOOOOX|OOOOOOOOO,2020-02-05 09:09:23,2020-02-05 09:19:51,2020-02-05 09:09:24,2020-02-05 10:00:00,"Singelolycka med personbil i mitträcket,  i höjd med Tönnebrosjön, söder om rastplats Tönnebro. Begränsad framkomlighet. _x000D_
Bärgare på väg.  ",6771941,606024,61.067895034299745,16.964690557843724,428389808
606,606,2020,Februari ,2020-02-05/09:28:47-1/4,32,Stillastående fordon,E4 vid Trafikplats Tönnebro (203) i riktning mot Uppsala i Gävleborgs län (X),E4,Syd,OOOOOOOOX|OOOOOOOOO,2020-02-05 09:28:46,2020-02-05 09:32:13,2020-02-05 09:28:47,2020-02-05 10:30:00,Lastbil som står stilla på påfarten söderut på E4 från Tönnebro rastplats. Begränsad framkomlighet. ,6771942,606025,61.06790373745703,16.96470963159239,428389808
607,607,2020,Februari ,2020-02-05/09:45:26-1/4,255,Bärgning,E4 från Trafikplats Tönnebro (203) till Axmartavlan (202) i riktning mot Uppsala i Gävleborgs län (X),E4,Syd,OOOOOOOOX|OOOOOOOOO,2020-02-05 09:45:25,2020-02-05 10:05:01,2020-02-05 09:45:26,2020-02-05 10:15:00,Bärgning av personbil i höjd med Tönnebro. Risk för begränsad framkomlighet.,6771941,606024,61.067895034299745,16.964690557843724,428389808
609,609,2020,Februari ,2020-02-06/05:03:23-1/4,5,Brinnande fordon,E4 från Trafikplats Tönnebro (203) till Axmartavlan (202) i riktning mot Uppsala i Gävleborgs län (X),E4,Syd,OOOOOOOOX|OOOOOOOOO,2020-02-06 05:03:23,2020-02-06 05:47:01,2020-02-06 05:02:40,2020-02-06 06:00:00,Brand i lastbilsdäck på E4 mellan Högbacka och Axmartavlan,6771941,606024,61.067895034299745,16.964690557843724,428389808
612,612,2020,Februari ,2020-02-07/07:48:00-1/4,255,Bärgning,E4 från Trafikplats Tönnebro (203) till Trafikplats Sörljusne (204) i riktning mot Sundsvall i Gävleborgs län (X),E4,Norr,OOOOOOOOO|OOOOOOOOO,2020-02-07 07:48:00,2020-02-07 09:26:17,2020-02-07 07:48:00,2020-02-07 10:00:00,Bärgning av personbil och släp. Arbetsfordon på vägen. Begränsad framkomlighet. Risk för kö. ,6771941,606024,61.067895034299745,16.964690557843724,428389808
615,615,2020,Februari ,2020-02-07/07:57:35-1/4,35,Olycka,E4 från Trafikplats Tönnebro (203) till Trafikplats Sörljusne (204) i riktning mot Sundsvall i Gävleborgs län (X),E4,Norr,OOOOOOOOO|XOOOOOOOO,2020-02-07 07:57:35,2020-02-07 09:09:58,2020-02-07 07:57:03,2020-02-07 09:30:00,Singelolycka. Personbil med släp kört in i mitträcke.Begränsad framkomlighet. Sluttiden är preliminär. ,6771941,606024,61.067895034299745,16.964690557843724,428389808
623,623,2020,Februari ,2020-02-14/17:14:14-1/4,32,Stillastående fordon,E4 från Trafikplats Tönnebro (203) till Axmartavlan (202) i riktning mot Uppsala i Gävleborgs län (X),E4,Syd,OOOOOOOOX|OOOOOOOOO,2020-02-14 17:14:13,2020-02-14 17:45:24,2020-02-14 17:14:14,2020-02-14 17:45:00,Personbil med haveri strax söder om Tönnebro.,6771941,606024,61.067895034299745,16.964690557843724,428389808
626,626,2020,Februari ,2020-02-23/13:20:26-1/4,32,Stillastående fordon,E4 från Trafikplats Tönnebro (203) till Axmartavlan (202) i riktning mot Uppsala i Gävleborgs län (X),E4,Syd,OOOOOOOOX|OOOOOOOOO,2020-02-23 13:20:26,2020-02-23 13:50:51,2020-02-23 13:20:26,2020-02-23 14:00:00,Buss med haveri strax söder om Tönnebro. Risk för begränsad framkomlighet. Bärgare på plats.,6771941,606024,61.067895034299745,16.964690557843724,428389808
628,628,2020,Februari ,2020-02-26/00:11:07-1/4,384,Utsläpp på vägen,E4 från Trafikplats Tönnebro (203) till Trafikplats Sörljusne (204) i riktning mot Sundsvall i Gävleborgs län (X),E4,Norr,OOOOOOOOO|XOOOOOOOO,2020-02-26 00:11:06,2020-02-26 01:12:47,2020-02-26 00:10:46,2020-02-26 01:30:00,Dieselutsläpp på vägbanan. ,6771941,606024,61.067895034299745,16.964690557843724,428389808
631,631,2020,Februari ,2020-02-27/12:56:21-1/4,35,Olycka,E4 från Trafikplats Tönnebro (203) till Axmartavlan (202) i riktning mot Uppsala i Gävleborgs län (X),E4,Syd,OOOOOOOOX|OOOOOOOOO,2020-02-27 12:56:20,2020-02-27 14:10:34,2020-02-27 12:55:47,2020-02-27 14:10:00,Trafikolycka personbil på E4 strax söder om Tönnebro,6771941,606024,61.067895034299745,16.964690557843724,428389808
633,633,2020,Februari ,2020-02-29/18:18:13-1/4,169,Långsam kö,E4 från Trafikplats Tönnebro (203) till Trafikplats Gävle N (200) i riktning mot Gävle i Gävleborgs län (X),E4,Syd,OOOOOOOOX|OOOOOOOOO,2020-02-29 18:18:13,2020-02-29 20:07:41,2020-02-29 18:18:13,2020-02-29 21:00:00,Långsam kö i södergående körfält på grund av tät trafik. Räkna med förlängd restid. ,6771941,606024,61.067895034299745,16.964690557843724,428389808
634,634,2020,Mars     ,2020-03-01/11:56:40-1/4,168,Trafikproblem,E4 från Trafikplats Tönnebro (203) till Trafikplats Gävle N (200) i riktning mot Uppsala i Gävleborgs län (X),E4,Syd,OOOOOOOOX|OOOOOOOOO,2020-03-01 11:56:40,2020-03-01 12:01:02,2020-03-01 11:56:40,2020-03-01 20:00:00,"Risk för köbildning, håll avståndet.",6771941,606024,61.067895034299745,16.964690557843724,428389808
635,635,2020,Mars     ,2020-03-01/12:00:35-1/4,169,Långsam kö,E4 från Trafikplats Tönnebro (203) till Trafikplats Gävle N (200) i riktning mot Uppsala i Gävleborgs län (X),E4,Syd,OOOOOOOOX|OOOOOOOOO,2020-03-01 12:00:35,2020-03-01 13:42:15,2020-03-01 12:00:35,2020-03-01 20:00:00,"Risk för köbildning, håll avståndet.",6771941,606024,61.067895034299745,16.964690557843724,428389808
636,636,2020,Mars     ,2020-03-01/13:47:06-1/4,169,Långsam kö,E4 från Trafikplats Tönnebro (203) till Trafikplats Gävle N (200) i riktning mot Gävle i Gävleborgs län (X),E4,Syd,OOOOOOOOX|OOOOOOOOO,2020-03-01 13:47:05,2020-03-01 20:43:11,2020-03-01 13:47:06,2020-03-01 21:00:00,"Tät trafik trafik mellan Tönnebro och Gävle, räkna med förlängd restid.",6771941,606024,61.067895034299745,16.964690557843724,428389808
637,637,2020,Mars     ,2020-03-01/18:11:14-1/4,32,Stillastående fordon,E4 från Trafikplats Tönnebro (203) till Axmartavlan (202) i riktning mot Uppsala i Gävleborgs län (X),E4,Syd,OOOOOOOOX|OOOOOOOOO,2020-03-01 18:11:14,2020-03-01 20:10:22,2020-03-01 18:11:14,2020-03-01 21:30:00,Lastbil med okänt haveri söder om Tpl. Tönnebro. Bärgare på väg.  Polisen är på plats. Begränsad framkomlighet. ,6771941,606024,61.067895034299745,16.964690557843724,428389808
638,638,2020,Mars     ,2020-03-01/20:09:38-1/4,32,Stillastående fordon,E4 från Trafikplats Tönnebro (203) till Axmartavlan (202) i riktning mot Uppsala i Gävleborgs län (X),E4,Syd,OOOOOOOOX|OOOOOOOOO,2020-03-01 20:09:37,2020-03-01 20:38:11,2020-03-01 20:09:38,2020-03-01 21:30:00,Lastbil med okänt haveri söder om Tpl. Tönnebro. Bärgning pågår. Polisen är på plats. Begränsad framkomlighet. ,6771941,606024,61.067895034299745,16.964690557843724,428389808
645,645,2020,Mars     ,2020-03-04/20:15:12-1/4,34,Föremål på vägbanan,E4 från Trafikplats Tönnebro (203) till Trafikplats Sörljusne (204) i riktning mot Sundsvall i Gävleborgs län (X),E4,Norr,OOOOOOOOO|XOOOOOOOO,2020-03-04 20:15:12,2020-03-04 21:22:00,2020-03-04 20:15:12,2020-03-04 21:30:00,Ett däck ligger på vägbanan i höjd med Sörbränningen. Personal på väg till platsen.,6771941,606024,61.067895034299745,16.964690557843724,428389808
663,663,2020,Mars     ,2020-03-19/12:37:58-1/4,169,Långsam kö,E4 från Trafikplats Tönnebro (203) till Axmartavlan (202) i riktning mot Uppsala i Gävleborgs län (X),E4,Syd,OOOOOOOOX|OOOOOOOOO,2020-03-19 12:37:57,2020-03-19 12:51:13,2020-03-19 12:37:58,2020-03-19 13:15:00,Långsam kö.,6771941,606024,61.067895034299745,16.964690557843724,428389808
666,666,2020,Mars     ,2020-03-23/07:30:44-1/4,34,Föremål på vägbanan,E4 från Trafikplats Tönnebro (203) till Axmartavlan (202) i riktning mot Uppsala i Gävleborgs län (X),E4,Syd,OOOOOOOOX|OOOOOOOOO,2020-03-23 07:30:43,2020-03-23 09:00:28,2020-03-23 07:30:44,2020-03-23 09:00:00,Större sten på vägbanan i höjd med Tönnebro.,6771941,606024,61.067895034299745,16.964690557843724,428389808
674,674,2020,April    ,2020-04-05/22:56:06-1/4,42,Vägskada,E4 från Trafikplats Tönnebro (203) till Axmartavlan (202) i riktning mot Uppsala i Gävleborgs län (X),E4,Syd,OOOOOOOOX|OOOOOOOOO,2020-04-05 22:56:05,2020-04-06 10:11:04,2020-04-05 22:56:06,2020-04-06 10:00:00,Större vägskada på påfarten från rastplats Högbacka. Åtgärd kommer ske under måndag morgon den 6/4.,6771941,606024,61.067895034299745,16.964690557843724,428389808
675,675,2020,April    ,2020-04-07/06:26:33-1/4,287,Bärgning av tungt fordon,E4 från Trafikplats Tönnebro (203) till Axmartavlan (202) i riktning mot Uppsala i Gävleborgs län (X),E4,Syd,OOOOOOOOX|OOOOOOOOO,2020-04-07 06:26:33,2020-04-07 07:30:31,2020-04-07 06:26:33,2020-04-07 07:45:00,En lastbil har fått haveri och ska bärgas på E4 i höjd med Högbacka.,6771941,606024,61.067895034299745,16.964690557843724,428389808
677,677,2020,April    ,2020-04-10/13:19:21-1/4,32,Stillastående fordon,E4 från Trafikplats Tönnebro (203) till Axmartavlan (202) i riktning mot Uppsala i Gävleborgs län (X),E4,Syd,OOOOOOOOX|OOOOOOOOO,2020-04-10 13:19:21,2020-04-10 13:55:36,2020-04-10 13:19:21,2020-04-10 14:00:00,Personbil med haveri Bärgare på plats. Begränsad framkomlighet. ,6771941,606024,61.067895034299745,16.964690557843724,428389808
712,712,2020,Maj      ,2020-05-14/14:22:11-1/4,255,Bärgning,E4 från Trafikplats Tönnebro (203) till Axmartavlan (202) i riktning mot Uppsala i Gävleborgs län (X),E4,Syd,OOOOOOOOX|OOOOOOOOO,2020-05-14 14:22:11,2020-05-14 14:44:41,2020-05-14 14:45:00,2020-05-14 14:55:00,Bärgningsarbete av personbil. Risk för begränsad framkomlighet. ,6771941,606024,61.067895034299745,16.964690557843724,428389808
719,719,2020,Maj      ,2020-05-19/13:10:16-1/4,32,Stillastående fordon,E4 från Trafikplats Tönnebro (203) till Axmartavlan (202) i riktning mot Uppsala i Gävleborgs län (X),E4,Syd,XXXXXXXXX|OOOOOOOOO,2020-05-19 13:10:16,2020-05-19 15:21:12,2020-05-19 13:10:16,2020-05-19 16:00:00,Personbil som tappat ett däck söder om Högbacka på enfiligsträcka. Bärgare på plats. Stopp under arbetet ca 30 min .  ,6771941,606024,61.067895034299745,16.964690557843724,428389808
729,729,2020,Maj      ,2020-05-24/16:16:13-1/4,169,Långsam kö,E4 från Trafikplats Tönnebro (203) till Trafikplats Gävle N (200) i riktning mot Uppsala i Gävleborgs län (X),E4,Syd,OOOOOOOOX|OOOOOOOOO,2020-05-24 16:16:13,2020-05-24 19:07:39,2020-05-24 16:16:13,2020-05-24 19:00:00,Risk för kö. Håll avståndet.,6771941,606024,61.067895034299745,16.964690557843724,428389808
747,747,2020,Maj      ,2020-05-31/20:41:19-1/4,32,Stillastående fordon,E4 från Trafikplats Tönnebro (203) till Axmartavlan (202) i riktning mot Uppsala i Gävleborgs län (X),E4,Syd,OOOOOOOOX|OOOOOOOOO,2020-05-31 20:41:18,2020-05-31 21:15:17,2020-05-31 20:41:19,2020-05-31 21:30:00,Stillastående personbil med punktering strax söder om Tönnebro.,6771941,606024,61.067895034299745,16.964690557843724,428389808
753,753,2020,Juni     ,2020-06-06/12:09:12-1/4,34,Föremål på vägbanan,E4 från Trafikplats Tönnebro (203) till Axmartavlan (202) i riktning mot Uppsala i Gävleborgs län (X),E4,Syd,OOOOOOOOX|OOOOOOOOO,2020-06-06 12:09:12,2020-06-06 13:00:25,2020-06-06 12:09:12,2020-06-06 16:00:00,Glassplitter på vägen. Ca 1 km söder om Tönnebro. ,6771941,606024,61.067895034299745,16.964690557843724,428389808
758,758,2020,Juni     ,2020-06-08/17:08:49-2/4,301,Hinder på vägbanan,E4 från Trafikplats Tönnebro (203) till Axmartavlan (202) i riktning mot Uppsala i Gävleborgs län (X),E4,Syd,OOOOOOOOX|OOOOOOOOO,2020-06-08 17:08:49,2020-06-08 18:15:15,2020-06-08 17:08:49,2020-06-08 18:00:00,Lastbilsdäck på körbanan i höjd med Tönnebro. Personal är på väg till platsen.,6771941,606024,61.067895034299745,16.964690557843724,428389808
761,761,2020,Juni     ,2020-06-09/15:48:51-1/4,32,Stillastående fordon,E4 från Trafikplats Tönnebro (203) till Trafikplats Sörljusne (204) i riktning mot Sundsvall i Gävleborgs län (X),E4,Norr,OOOOOOOOO|XOOOOOOOO,2020-06-09 15:48:50,2020-06-09 16:48:01,2020-06-09 15:48:51,2020-06-09 16:45:00,Lastbil med haveri i höjd med Sörbränningen. Risk för begränsad framkomlighet.,6771941,606024,61.067895034299745,16.964690557843724,428389808
772,772,2020,Juni     ,2020-06-21/16:25:58-1/4,169,Långsam kö,E4 från Trafikplats Tönnebro (203) till Trafikplats Gävle N (200) i riktning mot Uppsala i Gävleborgs län (X),E4,Syd,OOOOOOOOX|OOOOOOOOO,2020-06-21 16:25:58,2020-06-21 17:37:43,2020-06-21 16:25:58,2020-06-21 18:00:00,Långsam kö mellan Tönnebro och Gävle N.,6771941,606024,61.067895034299745,16.964690557843724,428389808
779,779,2020,Juni     ,2020-06-26/11:55:03-1/4,32,Stillastående fordon,E4 från Trafikplats Tönnebro (203) till Trafikplats Sörljusne (204) i riktning mot Sundsvall i Gävleborgs län (X),E4,Norr,OOOOOOOOO|XOOOOOOOO,2020-06-26 11:55:03,2020-06-26 12:51:01,2020-06-26 11:55:03,2020-06-26 12:45:00,"Personbil med okänt haveri, strax norr om Tönnebro. Begränsad framkomlighet.",6771941,606024,61.067895034299745,16.964690557843724,428389808
796,796,2020,Juli     ,2020-07-08/18:38:05-1/4,255,Bärgning,E4 från Trafikplats Tönnebro (203) till Axmartavlan (202) i riktning mot Uppsala i Gävleborgs län (X),E4,Syd,OOOOOOOOX|OOOOOOOOO,2020-07-08 18:38:04,2020-07-08 19:01:03,2020-07-08 18:38:05,2020-07-08 19:45:00,Bärgning av personbil. I höjd med Axmartavlan. ,6771941,606024,61.067895034299745,16.964690557843724,428389808
809,809,2020,Juli     ,2020-07-15/17:04:48-1/4,32,Stillastående fordon,E4 från Trafikplats Tönnebro (203) till Axmartavlan (202) i riktning mot Uppsala i Gävleborgs län (X),E4,Syd,OOOOOOOOX|OOOOOOOOO,2020-07-15 17:04:47,2020-07-15 18:45:48,2020-07-15 17:04:48,2020-07-15 18:45:00,Personbil som kört in i mitträcket i höjd med Tönnebro. ,6771941,606024,61.067895034299745,16.964690557843724,428389808
810,810,2020,Juli     ,2020-07-15/17:06:09-1/4,32,Stillastående fordon,E4 från Trafikplats Tönnebro (203) till Axmartavlan (202) i riktning mot Uppsala i Gävleborgs län (X),E4,Syd,OOOOOOOOX|OOOOOOOOO,2020-07-15 17:06:08,2020-07-15 17:08:44,2020-07-15 17:06:09,2020-07-15 18:00:00,Personbil med haveri i höjd med Tönnebro. Risk för begränsad framkomlighet.,6771941,606024,61.067895034299745,16.964690557843724,428389808
812,812,2020,Juli     ,2020-07-15/18:44:32-1/4,379,Skadat räcke #,E4 från Trafikplats Tönnebro (203) till Axmartavlan (202) i riktning mot Uppsala i Gävleborgs län (X),E4,Syd,OOOOOOOOX|OOOOOOOOO,2020-07-15 18:44:32,2020-07-15 18:46:07,2020-07-15 18:44:32,2020-07-15 18:59:00,"Personbil som kört in i mitträcket i höj med Tönnebro., 10-12 stolpar  ",6771941,606024,61.067895034299745,16.964690557843724,428389808
816,816,2020,Juli     ,2020-07-18/17:51:45-1/4,34,Föremål på vägbanan,E4 från Trafikplats Tönnebro (203) till Trafikplats Sörljusne (204) i riktning mot Söderhamn i Gävleborgs län (X),E4,Norr,OOOOOOOOO|XOOOOOOOO,2020-07-18 17:51:45,2020-07-18 19:04:45,2020-07-18 17:51:45,2020-07-18 19:15:00,"Däcksrester på vägbanan, norrgående körfält i höjd med Sörbränningen. Personal på väg till platsen.",6771941,606024,61.067895034299745,16.964690557843724,428389808
817,817,2020,Juli     ,2020-07-19/16:00:28-1/4,169,Långsam kö,E4 från Trafikplats Tönnebro (203) till Trafikplats Gävle N (200) i riktning mot Uppsala i Gävleborgs län (X),E4,Syd,OOOOOOOOX|OOOOOOOOO,2020-07-19 16:00:27,2020-07-19 20:02:01,2020-07-19 16:00:28,2020-07-19 20:00:00,Risk för kö. Håll avståndet.,6771941,606024,61.067895034299745,16.964690557843724,428389808
818,818,2020,Juli     ,2020-07-19/17:34:10-1/4,32,Stillastående fordon,E4 från Trafikplats Tönnebro (203) till Axmartavlan (202) i riktning mot Uppsala i Gävleborgs län (X),E4,Syd,OOOOOOOOX|OOOOOOOOO,2020-07-19 17:34:09,2020-07-19 17:34:32,2020-07-19 17:34:10,,Personbil med hav,6771941,606024,61.067895034299745,16.964690557843724,428389808
830,830,2020,Juli     ,2020-07-25/11:25:00-1/4,28,Människor på vägbanan,E4 från Trafikplats Tönnebro (203) till Axmartavlan (202) i riktning mot Uppsala i Gävleborgs län (X),E4,Syd,OOOOOOOOX|OOOOOOOOO,2020-07-25 11:25:00,2020-07-25 12:32:00,2020-07-25 11:25:00,2020-07-25 12:30:00,Flera personer går efter E4 strax söder om Tönnebro,6771941,606024,61.067895034299745,16.964690557843724,428389808
836,836,2020,Juli     ,2020-07-26/18:42:48-1/4,255,Bärgning,E4 från Trafikplats Tönnebro (203) till Axmartavlan (202) i riktning mot Uppsala i Gävleborgs län (X),E4,Syd,OOOOOOOOX|OOOOOOOOO,2020-07-26 18:42:48,2020-07-26 19:08:47,2020-07-26 18:42:48,2020-07-26 19:30:00,"Bärgning av en personbil i höjd med Högbacka,",6771941,606024,61.067895034299745,16.964690557843724,428389808
842,842,2020,Juli     ,2020-07-28/12:47:23-1/4,34,Föremål på vägbanan,E4 från Trafikplats Tönnebro (203) till Trafikplats Sörljusne (204) i riktning mot Sundsvall i Gävleborgs län (X),E4,Norr,OOOOOOOOO|XOOOOOOOO,2020-07-28 12:47:22,2020-07-28 13:46:37,2020-07-28 12:47:23,2020-07-28 14:00:00,En tappad resväska ligger på E4 strax norr om Tönnebro,6771941,606024,61.067895034299745,16.964690557843724,428389808
847,847,2020,Juli     ,2020-07-30/19:30:51-1/4,255,Bärgning,E4 från Trafikplats Tönnebro (203) till Trafikplats Sörljusne (204) i riktning mot Sundsvall i Gävleborgs län (X),E4,Norr,OOOOOOOOO|XOOOOOOOO,2020-07-30 19:30:51,2020-07-30 19:39:12,2020-07-30 19:30:51,2020-07-30 20:30:00,Bärgningsarbete av personbil med husvagn strax norr om Tönnebro. ,6771941,606024,61.067895034299745,16.964690557843724,428389808
853,853,2020,Augusti  ,2020-08-02/15:37:16-1/4,169,Långsam kö,E4 från Trafikplats Tönnebro (203) till Trafikplats Gävle N (200) i riktning mot Gävle i Gävleborgs län (X),E4,Syd,OOOOOOOOX|OOOOOOOOO,2020-08-02 15:37:15,2020-08-02 20:45:04,2020-08-02 15:37:16,2020-08-02 21:00:00,Tät trafik Tönnebro - Gävle i södergående riktning. Räkna med förlängd restid.,6771941,606024,61.067895034299745,16.964690557843724,428389808
857,857,2020,Augusti  ,2020-08-06/10:10:08-1/4,261,Slåtterarbete,E4 från Trafikplats Tönnebro (203) till Trafikplats Ångersjön (210) i riktning mot Sundsvall i Gävleborgs län (X),E4,Norr,OOOOOOOOO|XOOOOOOOO,2020-08-06 10:10:08,2020-08-06 16:01:25,2020-08-06 10:10:08,2020-08-06 16:00:00,Slåtterarbete mellan Tönnebro och Ångersjön. Långsamtgående arbetsfordon på vägen. Kortare stopp och köbildning kan förekomma i samband med arbetet.,6771941,606024,61.067895034299745,16.964690557843724,428389808
866,866,2020,Augusti  ,2020-08-09/13:10:05-1/4,35,Olycka,E4 från Trafikplats Tönnebro (203) till Trafikplats Sörljusne (204) i riktning mot Sundsvall i Gävleborgs län (X),E4,Norr,OOOOOOOOO|XOOOOOOOO,2020-08-09 13:10:04,2020-08-09 14:52:08,2020-08-09 13:09:45,2020-08-09 14:50:00,Singelolycka med personbil. Begränsad framkomlighet. ,6771941,606024,61.067895034299745,16.964690557843724,428389808
876,876,2020,Augusti  ,2020-08-13/03:32:28-1/4,32,Stillastående fordon,E4 från Trafikplats Tönnebro (203) till Axmartavlan (202) i riktning mot Uppsala i Gävleborgs län (X),E4,Syd,OOOOOOOOX|OOOOOOOOO,2020-08-13 03:32:27,2020-08-13 04:08:21,2020-08-13 03:32:28,2020-08-13 04:30:00,"Lastbil med punktering strax söder om Tönnebro, riktning Gävle. Assistans på plats",6771941,606024,61.067895034299745,16.964690557843724,428389808
877,877,2020,Augusti  ,2020-08-14/19:49:24-1/4,32,Stillastående fordon,E4 från Trafikplats Tönnebro (203) till Trafikplats Sörljusne (204) i riktning mot Sundsvall i Gävleborgs län (X),E4,Norr,OOOOOOOOO|XOOOOOOOO,2020-08-14 19:49:24,2020-08-14 20:45:17,2020-08-14 19:49:24,2020-08-14 20:45:00,Lastbil med haveri strax norr om Tönnebro. ,6771941,606024,61.067895034299745,16.964690557843724,428389808
879,879,2020,Augusti  ,2020-08-14/21:47:38-1/4,255,Bärgning,E4 från Trafikplats Tönnebro (203) till Trafikplats Sörljusne (204) i riktning mot Sundsvall i Gävleborgs län (X),E4,Norr,OOOOOOOOO|XOOOOOOOO,2020-08-14 21:47:38,2020-08-14 22:54:44,2020-08-14 21:47:38,2020-08-14 22:50:00,"Däckbyte på en lastbil, bergänsad framkomlighet.",6771941,606024,61.067895034299745,16.964690557843724,428389808
896,896,2020,Augusti  ,2020-08-22/20:33:44-1/4,257,Rastplats #,E4 från Trafikplats Tönnebro (203) till Axmartavlan (202) i riktning mot Gävle i Gävleborgs län (X),E4,Syd,OOOOOOOOO|OOOOOOOOO,2020-08-22 20:33:44,2020-08-24 07:45:56,2020-08-22 20:33:44,2020-08-24 08:00:00,"E 4 Högbacka rastplats, i riktning mot Gävle.
Stopp i toaletten på  rastplatsen.
",6771941,606024,61.067895034299745,16.964690557843724,428389808
909,909,2020,Augusti  ,2020-08-26/13:40:03-1/4,255,Bärgning,E4 från Trafikplats Tönnebro (203) till Axmartavlan (202) i riktning mot Uppsala i Gävleborgs län (X),E4,Syd,OOOOOOOOX|OOOOOOOOO,2020-08-26 13:40:02,2020-08-26 14:10:35,2020-08-26 13:40:03,2020-08-26 14:20:00,Personbil med haveri söder om Tönnebro. Begränsad framkomlighet under bärgingsarbetet.,6771941,606024,61.067895034299745,16.964690557843724,428389808
922,922,2020,September,2020-09-04/19:27:15-1/4,32,Stillastående fordon,E4 från Trafikplats Tönnebro (203) till Trafikplats Sörljusne (204) i riktning mot Söderhamn i Gävleborgs län (X),E4,Norr,OOOOOOOOO|XOOOOOOOO,2020-09-04 19:27:15,2020-09-04 20:58:30,2020-09-04 19:27:15,2020-09-04 21:00:00,Stillastående minibuss strax norr om Norrbränningen.,6771941,606024,61.067895034299745,16.964690557843724,428389808
949,949,2020,September,2020-09-24/08:21:12-1/4,301,Hinder på vägbanan,E4 från Trafikplats Tönnebro (203) till Axmartavlan (202) i riktning mot Uppsala i Gävleborgs län (X),E4,Syd,OOOOOOOOX|OOOOOOOOO,2020-09-24 08:21:12,2020-09-24 08:47:01,2020-09-24 08:21:12,2020-09-24 09:00:00,Personbil med punktering mellan Tpl. Tönnebro och Högbacka. Däckbyte pågår ut mot trafiken. Begränsad framkomlighet.,6771941,606024,61.067895034299745,16.964690557843724,428389808
953,953,2020,September,2020-09-26/21:06:05-1/4,255,Bärgning,E4 från Trafikplats Tönnebro (203) till Axmartavlan (202) i riktning mot Uppsala i Gävleborgs län (X),E4,Syd,OOOOOOOOX|OOOOOOOOO,2020-09-26 21:06:05,2020-09-26 22:01:45,2020-09-26 21:06:05,2020-09-26 22:00:00,Personbil med haveri strax norr om Axmartavlan. Risk för begränsad framkomlighet i södergående riktning. Inväntar bärgning.,6771941,606024,61.067895034299745,16.964690557843724,428389808
975,975,2020,Oktober  ,2020-10-15/17:05:41-1/4,35,Olycka,E4 från Trafikplats Tönnebro (203) till Axmartavlan (202) i riktning mot Uppsala i Gävleborgs län (X),E4,Syd,OOOOOOOOX|OOOOOOOOO,2020-10-15 17:05:41,2020-10-15 19:46:09,2020-10-15 17:05:27,2020-10-15 20:00:00,Singelolycka med personbil i höjd med Tönnebro. Risk för begränsad framkomlighet.,6771941,606024,61.067895034299745,16.964690557843724,428389808
986,986,2020,Oktober  ,2020-10-21/14:20:00-1/4,32,Stillastående fordon,E4 från Trafikplats Tönnebro (203) till Axmartavlan (202) i riktning mot Uppsala i Gävleborgs län (X),E4,Syd,XXXXXXXXX|OOOOOOOOO,2020-10-21 14:20:00,2020-10-21 14:34:17,2020-10-21 14:25:00,2020-10-21 14:40:00,Bärgning av personbil i höjd med Högbacka. Vägen är avstängd i ca 15 minuter. ,6771941,606024,61.067895034299745,16.964690557843724,428389808
994,994,2020,Oktober  ,2020-10-24/18:54:49-1/4,35,Olycka,E4 från Trafikplats Tönnebro (203) till Trafikplats Sörljusne (204) i riktning mot Sundsvall i Gävleborgs län (X),E4,Norr,OOOOOOOOO|XOOOOOOOO,2020-10-24 18:54:49,2020-10-24 19:54:54,2020-10-24 18:54:49,2020-10-24 20:00:00,Personbil och lastbil som kolliderat strax norr om trafikplats Tönnebro. Bärgning pågår begränsad framkomlighet under arbetet.,6771941,606024,61.067895034299745,16.964690557843724,428389808
1000,1000,2020,Oktober  ,2020-10-30/11:17:12-1/4,255,Bärgning,E4 från Trafikplats Tönnebro (203) till Axmartavlan (202) i riktning mot Uppsala i Gävleborgs län (X),E4,Syd,OOOOOOOOX|OOOOOOOOO,2020-10-30 11:17:12,2020-10-30 11:24:20,2020-10-30 11:17:12,2020-10-30 11:45:00,Bärgning av personbil. Ett körfält avstängt under bärgningsarbetet.,6771941,606024,61.067895034299745,16.964690557843724,428389808
1001,1001,2020,Oktober  ,2020-10-31/13:19:22-1/4,35,Olycka,E4 från Trafikplats Tönnebro (203) till Axmartavlan (202) i riktning mot Uppsala i Gävleborgs län (X),E4,Syd,XXXXXXXXX|OOOOOOOOO,2020-10-31 13:19:21,2020-10-31 14:24:33,2020-10-31 13:19:09,2020-10-31 14:45:00,Singelolycka med personbil strax söder om Tönnebro. Vägen helt avstängd i södergående riktining.,6771941,606024,61.067895034299745,16.964690557843724,428389808
1004,1004,2020,November ,2020-11-01/14:29:47-1/4,168,Trafikproblem,E4 från Trafikplats Tönnebro (203) till Trafikplats Gävle N (200) i riktning mot Uppsala i Gävleborgs län (X),E4,Syd,OOOOOOOOO|OOOOOOOOO,2020-11-01 14:29:46,2020-11-01 14:33:18,2020-11-01 14:29:47,2020-11-01 19:00:00,Risk för kö. Håll avståndet.,6771941,606024,61.067895034299745,16.964690557843724,428389808
1005,1005,2020,November ,2020-11-01/14:30:58-1/4,168,Trafikproblem,E4 från Trafikplats Tönnebro (203) till Trafikplats Gävle N (200) i riktning mot Uppsala i Gävleborgs län (X),E4,Syd,OOOOOOOOO|OOOOOOOOO,2020-11-01 14:30:57,2020-11-01 14:32:07,2020-11-01 14:30:58,2020-11-01 19:00:00,Risk för kö. Håll avståndet.,6771941,606024,61.067895034299745,16.964690557843724,428389808
1006,1006,2020,November ,2020-11-01/14:32:11-1/4,168,Trafikproblem,E4 från Trafikplats Tönnebro (203) till Trafikplats Gävle N (200) i riktning mot Uppsala i Gävleborgs län (X),E4,Syd,OOOOOOOOO|OOOOOOOOO,2020-11-01 14:32:11,2020-11-01 14:34:31,2020-11-01 14:32:11,2020-11-01 19:00:00,Risk för kö. Håll avståndet.,6771941,606024,61.067895034299745,16.964690557843724,428389808
1007,1007,2020,November ,2020-11-01/14:33:23-1/4,169,Långsam kö,E4 från Trafikplats Tönnebro (203) till Trafikplats Gävle N (200) i riktning mot Uppsala i Gävleborgs län (X),E4,Syd,OOOOOOOOO|OOOOOOOOO,2020-11-01 14:33:23,2020-11-01 18:59:10,2020-11-01 14:33:23,2020-11-01 19:00:00,Risk för kö. Håll avståndet.,6771941,606024,61.067895034299745,16.964690557843724,428389808
1033,1033,2020,November ,2020-11-24/15:48:31-1/4,255,Bärgning,E4 från Trafikplats Tönnebro (203) till Axmartavlan (202) i riktning mot Uppsala i Gävleborgs län (X),E4,Syd,OOOOOOOOX|OOOOOOOOO,2020-11-24 15:48:31,2020-11-24 16:54:01,2020-11-24 15:48:31,2020-11-24 17:00:00,"Personbil med tappat däck som står på enfilig sträcka, inväntar bärgare. Kortare stopp kommer ske under bärgningsarbetet. ",6771941,606024,61.067895034299745,16.964690557843724,428389808
1045,1045,2020,December ,2020-12-10/16:53:57-1/4,255,Bärgning,E4 från Trafikplats Tönnebro (203) till Axmartavlan (202) i riktning mot Uppsala i Gävleborgs län (X),E4,Syd,OOOOOOOOX|OOOOOOOOO,2020-12-10 16:53:57,2020-12-10 17:14:47,2020-12-10 16:53:57,2020-12-10 17:30:00,Bärgning av personbil mellan Tönnebro och Axmar. Ett körfält påverkas. ,6771941,606024,61.067895034299745,16.964690557843724,428389808
1058,1058,2020,December ,2020-12-22/13:44:01-1/4,287,Bärgning av tungt fordon,E4 från Trafikplats Tönnebro (203) till Axmartavlan (202) i riktning mot Uppsala i Gävleborgs län (X),E4,Syd,OOOOOOOOX|OOOOOOOOO,2020-12-22 13:44:00,2020-12-22 14:03:11,2020-12-22 13:44:01,2020-12-22 14:15:00,Bärgning av lastbil i höjd med Tönnebro. Ett körfält avstängt i södergående riktning.,6771941,606024,61.067895034299745,16.964690557843724,428389808
1059,1059,2020,December ,2020-12-23/11:49:26-1/4,301,Hinder på vägbanan,E4 från Trafikplats Tönnebro (203) till Trafikplats Sörljusne (204) i riktning mot Sundsvall i Gävleborgs län (X),E4,Norr,OOOOOOOOO|XOOOOOOOO,2020-12-23 11:49:26,2020-12-23 12:46:29,2020-12-23 11:49:26,2020-12-23 13:00:00,Lastbilsdäck intill vägbanan i höjd med Sörbränningen. Personal på väg till platsen. ,6771941,606024,61.067895034299745,16.964690557843724,428389808
1064,1064,2020,December ,2020-12-28/18:38:44-1/4,32,Stillastående fordon,E4 från Trafikplats Tönnebro (203) till Trafikplats Sörljusne (204) i riktning mot Sundsvall i Gävleborgs län (X),E4,Norr,OOOOOOOOO|XOOOOOOOO,2020-12-28 18:38:44,2020-12-28 19:15:51,2020-12-28 18:38:44,2020-12-28 19:15:00,Personbil som står stilla ca 1 mil norr om Tönnebro. ,6771941,606024,61.067895034299745,16.964690557843724,428389808
1068,1068,2020,December ,2020-12-30/05:20:32-1/4,34,Föremål på vägbanan,E4 från Trafikplats Tönnebro (203) till Axmartavlan (202) i riktning mot Uppsala i Gävleborgs län (X),E4,Syd,OOOOOOOOX|OOOOOOOOO,2020-12-30 05:20:32,2020-12-30 06:53:06,2020-12-30 05:20:32,2020-12-30 07:00:00,Nerkörd vägskylt som ligger på körbanan ett par hundra meter innan rastplats Högbacka. Personal på väg. ,6771941,606024,61.067895034299745,16.964690557843724,428389808
1084,1084,2021,Januari  ,2021-01-10/15:28:09-1/4,169,Långsam kö,E4 från Trafikplats Tönnebro (203) till Trafikplats Gävle N (200) i riktning mot Uppsala i Gävleborgs län (X),E4,Syd,OOOOOOOOX|OOOOOOOOO,2021-01-10 15:28:09,2021-01-10 18:17:39,2021-01-10 15:28:09,2021-01-10 20:00:00,"Mycket trafik på sträckan, håll avstånd. ",6771941,606024,61.067895034299745,16.964690557843724,428389808
1089,1089,2021,Januari  ,2021-01-11/17:05:57-1/4,32,Stillastående fordon,E4 från Trafikplats Tönnebro (203) till Trafikplats Sörljusne (204) i riktning mot Sundsvall i Gävleborgs län (X),E4,Norr,OOOOOOOOO|XOOOOOOOO,2021-01-11 17:05:57,2021-01-11 17:40:20,2021-01-11 17:05:57,2021-01-11 18:00:00,Flertalet stillastående personbilar i höjd med Tpl Sörljusne.,6771941,606024,61.067895034299745,16.964690557843724,428389808
1103,1103,2021,Januari  ,2021-01-21/08:41:59-1/4,35,Olycka,E4 från Trafikplats Tönnebro (203) till Axmartavlan (202) i riktning mot Uppsala i Gävleborgs län (X),E4,Syd,OOOOOOOOX|OOOOOOOOO,2021-01-21 08:41:59,2021-01-21 09:44:16,2021-01-21 08:41:30,2021-01-21 09:50:00,"Singelolycka med personbil i mitträcket precis när det blir enfiligt, strax söder om Tönnebro. Mycket begränsad framkomlighet. Bärgning pågår. ",6771941,606024,61.067895034299745,16.964690557843724,428389808
1104,1104,2021,Januari  ,2021-01-21/09:11:31-1/4,35,Olycka,E4 vid Trafikplats Tönnebro (203) i riktning mot Uppsala i Gävleborgs län (X),E4,Syd,OOOOOOOOX|OOOOOOOOO,2021-01-21 09:11:31,2021-01-21 09:36:39,2021-01-21 09:11:31,2021-01-21 09:35:00,"Singelolycka med personbil i mitträcket, strax söder om Tönnebro. Begränsad framkomlighet.",6771942,606025,61.06790373745703,16.96470963159239,428389808
1105,1105,2021,Januari  ,2021-01-21/09:36:43-1/4,379,Skadat räcke #,E4 från Trafikplats Tönnebro (203) till Axmartavlan (202) i riktning mot Uppsala i Gävleborgs län (X),E4,Syd,OOOOOOOOX|OOOOOOOOO,2021-01-21 09:36:42,2021-01-21 09:40:11,2021-01-21 09:36:43,2021-01-21 16:00:00,"Singelolycka med personbil i mitträcket precis när det blir enfiligt, strax söder om Tönnebro. Bärgning på den. ca 4-6 stolpar i mitträcket",6771941,606024,61.067895034299745,16.964690557843724,428389808
1106,1106,2021,Januari  ,2021-01-21/09:37:07-1/4,379,Skadat räcke #,E4 vid Trafikplats Tönnebro (203) i riktning mot Uppsala i Gävleborgs län (X),E4,Syd,OOOOOOOOX|OOOOOOOOO,2021-01-21 09:37:07,2021-01-21 09:40:11,2021-01-21 09:37:07,2021-01-21 16:00:00,"Singelolycka med personbil i mitträcket, strax söder om Tönnebro vid tvåfiligsträcka sg. ca 10 stolpar.",6771942,606025,61.06790373745703,16.96470963159239,428389808
1122,1122,2021,Februari ,2021-02-05/11:10:42-1/4,255,Bärgning,E4 från Trafikplats Tönnebro (203) till Trafikplats Sörljusne (204) i riktning mot Sundsvall i Gävleborgs län (X),E4,Norr,OOOOOOOOO|XXXXXXXXX,2021-02-05 11:10:42,2021-02-05 11:26:50,2021-02-05 11:10:42,2021-02-05 11:30:00,Bärgning av personbil strax norr om Tönnebro. Vägen avstängd under bärgningsarbetet.,6771941,606024,61.067895034299745,16.964690557843724,428389808
1124,1124,2021,Februari ,2021-02-07/13:42:10-1/4,169,Långsam kö,E4 från Trafikplats Tönnebro (203) till Trafikplats Gävle N (200) i riktning mot Uppsala i Gävleborgs län (X),E4,Syd,OOOOOOOOX|OOOOOOOOO,2021-02-07 13:42:10,2021-02-07 20:00:45,2021-02-07 13:42:10,2021-02-07 20:00:00,Risk för kö. Håll avståndet.,6771941,606024,61.067895034299745,16.964690557843724,428389808
1126,1126,2021,Februari ,2021-02-07/16:51:24-1/4,32,Stillastående fordon,E4 från Trafikplats Tönnebro (203) till Axmartavlan (202) i riktning mot Uppsala i Gävleborgs län (X),E4,Syd,OOOOOOOOX|OOOOOOOOO,2021-02-07 16:51:24,2021-02-07 16:57:24,2021-02-07 16:51:24,2021-02-07 17:30:00,Personbil med haveri i höjd med Tönnebro,6771941,606024,61.067895034299745,16.964690557843724,428389808
1129,1129,2021,Februari ,2021-02-10/11:31:48-1/4,259,Olycka med tungt fordon,E4 från Trafikplats Tönnebro (203) till Axmartavlan (202) i riktning mot Uppsala i Gävleborgs län (X),E4,Syd,OOOOOOOOX|OOOOOOOOO,2021-02-10 11:31:48,2021-02-10 17:02:21,2021-02-10 11:31:29,2021-02-10 17:30:00,Två lastbilar i höjd med Högbacka. Bärgning pågår. Begränsad framkomlighet. Kortare stopp kan förekomma. ,6771941,606024,61.067895034299745,16.964690557843724,428389808
1134,1134,2021,Februari ,2021-02-10/15:46:40-1/4,32,Stillastående fordon,E4 från Trafikplats Tönnebro (203) till Axmartavlan (202) i riktning mot Uppsala i Gävleborgs län (X),E4,Syd,XXXXXXXXX|OOOOOOOOO,2021-02-10 15:46:40,2021-02-10 16:27:35,2021-02-10 15:46:40,2021-02-10 17:00:00,Just nu är det stopp i södergåden riktning på E4 i höjd med Tönnebro. Oklart vad stoppet beror på. ,6771941,606024,61.067895034299745,16.964690557843724,428389808
1136,1136,2021,Februari ,2021-02-10/16:26:43-1/4,169,Långsam kö,E4 från Trafikplats Tönnebro (203) till Axmartavlan (202) i riktning mot Uppsala i Gävleborgs län (X),E4,Syd,OOOOOOOOX|OOOOOOOOO,2021-02-10 16:26:43,2021-02-10 17:33:08,2021-02-10 16:26:43,2021-02-10 20:00:00,Risk för kö. Håll avståndet.  ,6771941,606024,61.067895034299745,16.964690557843724,428389808
1137,1137,2021,Februari ,2021-02-10/16:44:35-1/4,287,Bärgning av tungt fordon,E4 från Trafikplats Tönnebro (203) till Axmartavlan (202) i riktning mot Uppsala i Gävleborgs län (X),E4,Syd,XXXXXXXXX|OOOOOOOOO,2021-02-10 16:44:35,2021-02-11 03:16:06,2021-02-10 23:00:00,2021-02-11 06:00:00,Bärgningsarbete av lastbil. Vägen är avstängd södergående.  ,6771941,606024,61.067895034299745,16.964690557843724,428389808
1157,1157,2021,Mars     ,2021-03-01/20:07:32-1/4,32,Stillastående fordon,E4 från Trafikplats Tönnebro (203) till Axmartavlan (202) i riktning mot Uppsala i Gävleborgs län (X),E4,Syd,OOOOOOOOX|OOOOOOOOO,2021-03-01 20:07:32,2021-03-01 20:32:40,2021-03-01 20:07:32,2021-03-01 20:30:00,Personbil i södergående riktning mellan Tönnebro och Högbacka. Begränsad framkomlighet. Polisen på plats. ,6771941,606024,61.067895034299745,16.964690557843724,428389808
1159,1159,2021,Mars     ,2021-03-06/16:27:29-1/4,32,Stillastående fordon,E4 från Trafikplats Tönnebro (203) till Axmartavlan (202) i riktning mot Uppsala i Gävleborgs län (X),E4,Syd,OOOOOOOOX|OOOOOOOOO,2021-03-06 16:27:29,2021-03-06 18:03:55,2021-03-06 16:27:29,2021-03-06 18:00:00,Personbil med punktering står delvis i höger körfält i höjd med Söderhamn. ,6771941,606024,61.067895034299745,16.964690557843724,428389808
1160,1160,2021,Mars     ,2021-03-07/14:22:17-1/4,169,Långsam kö,E4 från Trafikplats Tönnebro (203) till Trafikplats Gävle N (200) i riktning mot Uppsala i Gävleborgs län (X),E4,Syd,OOOOOOOOX|OOOOOOOOO,2021-03-07 14:22:17,2021-03-07 19:20:47,2021-03-07 14:22:17,2021-03-07 20:00:00,"Långsam kö från Tönnebro till Gävle på grund av tät trafik. Håll avståndet, räkna med förlängd restid.",6771941,606024,61.067895034299745,16.964690557843724,428389808
1171,1171,2021,Mars     ,2021-03-18/14:10:18-1/4,32,Stillastående fordon,E4 från Trafikplats Tönnebro (203) till Axmartavlan (202) i riktning mot Uppsala i Gävleborgs län (X),E4,Syd,OOOOOOOOX|OOOOOOOOO,2021-03-18 14:10:18,2021-03-18 15:01:59,2021-03-18 14:10:18,2021-03-18 15:00:00,Två lastbilar som står stilla på enfiligsträcka strax söder om Tönnebro. Mycket begränsad framkomlighet. ,6771941,606024,61.067895034299745,16.964690557843724,428389808
1173,1173,2021,Mars     ,2021-03-18/20:19:23-1/4,28,Människor på vägbanan,E4 från Trafikplats Tönnebro (203) till Axmartavlan (202) i riktning mot Uppsala i Gävleborgs län (X),E4,Syd,OOOOOOOOX|OOOOOOOOO,2021-03-18 20:19:23,2021-03-18 22:46:59,2021-03-18 20:19:23,2021-03-18 23:00:00,Två personer på vägbanan strax söder om Tönnebro. ,6771941,606024,61.067895034299745,16.964690557843724,428389808
1194,1194,2021,April    ,2021-04-04/07:26:06-1/4,169,Långsam kö,E4 från Trafikplats Tönnebro (203) till Trafikplats Gävle N (200) i riktning mot Uppsala i Gävleborgs län (X),E4,Syd,OOOOOOOOX|OOOOOOOOO,2021-04-04 07:26:06,2021-04-04 21:58:24,2021-04-04 13:00:00,2021-04-04 22:00:00,"Omkörningsförbud Tönnebro Gävle, risk för köbildning.",6771941,606024,61.067895034299745,16.964690557843724,428389808
1197,1197,2021,April    ,2021-04-05/08:59:49-1/4,169,Långsam kö,E4 från Trafikplats Tönnebro (203) till Trafikplats Gävle N (200) i riktning mot Gävle i Gävleborgs län (X),E4,Syd,OOOOOOOOX|OOOOOOOOO,2021-04-05 08:59:49,2021-04-05 21:59:36,2021-04-05 13:00:00,2021-04-05 22:00:00,"Omkörningsförbud på E4 mellan Tönnebro och Gävle, risk för köbildning och förlängd restid. ",6771941,606024,61.067895034299745,16.964690557843724,428389808
1198,1198,2021,April    ,2021-04-05/13:15:22-1/4,255,Bärgning,E4 från Trafikplats Tönnebro (203) till Axmartavlan (202) i riktning mot Uppsala i Gävleborgs län (X),E4,Syd,XXXXXXXXX|OOOOOOOOO,2021-04-05 13:15:22,2021-04-05 13:19:18,2021-04-05 13:15:22,2021-04-05 13:30:00,Bärgning av personbil i höjd med Tönnebro. Vägen kommer vara helt avstängd under arbetet. Sluttiden är preliminär.,6771941,606024,61.067895034299745,16.964690557843724,428389808
1216,1216,2021,April    ,2021-04-20/17:18:39-1/4,34,Föremål på vägbanan,E4 från Trafikplats Tönnebro (203) till Trafikplats Sörljusne (204) i riktning mot Sundsvall i Gävleborgs län (X),E4,Norr,OOOOOOOOO|XOOOOOOOO,2021-04-20 17:18:39,2021-04-20 17:55:23,2021-04-20 17:18:39,2021-04-20 18:00:00,"Tappad spännband mitt på körbanan i höjd med Sörbränningen._x000D_
Personal på väg. ",6771941,606024,61.067895034299745,16.964690557843724,428389808
1217,1217,2021,April    ,2021-04-20/18:10:13-1/4,32,Stillastående fordon,E4 från Trafikplats Tönnebro (203) till Axmartavlan (202) i riktning mot Uppsala i Gävleborgs län (X),E4,Syd,OOOOOOOOX|OOOOOOOOO,2021-04-20 18:10:13,2021-04-20 19:36:00,2021-04-20 18:10:13,2021-04-20 19:00:00,"Skåpbil med haveri strax söder om Tönnebro, står på enkelfiligt. Går att passera med försiktighet.",6771941,606024,61.067895034299745,16.964690557843724,428389808
1237,1237,2021,Maj      ,2021-05-16/13:31:10-1/4,169,Långsam kö,E4 från Trafikplats Tönnebro (203) till Trafikplats Gävle N (200) i riktning mot Uppsala i Gävleborgs län (X),E4,Syd,OOOOOOOOO|OOOOOOOOO,2021-05-16 13:31:10,2021-05-16 20:07:31,2021-05-16 13:31:10,2021-05-16 20:00:00,Risk för kö. Håll avståndet.,6771941,606024,61.067895034299745,16.964690557843724,428389808
1238,1238,2021,Maj      ,2021-05-18/01:16:51-1/4,35,Olycka,E4 från Trafikplats Tönnebro (203) till Trafikplats Sörljusne (204) i riktning mot Sundsvall i Gävleborgs län (X),E4,Norr,OOOOOOOOO|XOOOOOOOO,2021-05-18 01:16:51,2021-05-18 02:12:50,2021-05-18 01:16:32,2021-05-18 02:10:00,Singelolycka med personbil strax norr om Tönnebro. Risk för begränsad framkomlighet. ,6771941,606024,61.067895034299745,16.964690557843724,428389808
1245,1245,2021,Maj      ,2021-05-25/22:09:48-1/4,255,Bärgning,E4 från Trafikplats Tönnebro (203) till Trafikplats Sörljusne (204) i riktning mot Sundsvall i Gävleborgs län (X),E4,Norr,OOOOOOOOO|XOOOOOOOO,2021-05-25 22:09:48,2021-05-25 22:40:38,2021-05-25 22:09:48,2021-05-25 23:00:00,"Bärgning av personbil inväntas, strax norr om Tönnebro. _x000D_
Begränsad framkomlighet. ",6771941,606024,61.067895034299745,16.964690557843724,428389808
1274,1274,2021,Juni     ,2021-06-15/19:36:25-1/4,32,Stillastående fordon,E4 från Trafikplats Tönnebro (203) till Axmartavlan (202) i riktning mot Uppsala i Gävleborgs län (X),E4,Syd,OOOOOOOOX|OOOOOOOOO,2021-06-15 19:36:25,2021-06-15 20:36:13,2021-06-15 19:36:25,2021-06-15 21:30:00,Lastbil med haveri mellan Högbacka och Axmartavlan. Felavhjälpare på plats. Risk för begränsad framkomlighet i södergående riktning.,6771941,606024,61.067895034299745,16.964690557843724,428389808
1281,1281,2021,Juni     ,2021-06-17/13:52:02-1/4,34,Föremål på vägbanan,E4 från Trafikplats Tönnebro (203) till Trafikplats Sörljusne (204) i riktning mot Sundsvall i Gävleborgs län (X),E4,Norr,OOOOOOOOO|XOOOOOOOO,2021-06-17 13:52:01,2021-06-17 15:03:42,2021-06-17 13:52:02,2021-06-17 15:00:00,Skrot på vägbanan strax norr om Tönnebro. Personal på väg. ,6771941,606024,61.067895034299745,16.964690557843724,428389808
1288,1288,2021,Juni     ,2021-06-21/17:02:34-1/4,387,Olycka oskyddad,E4 från Trafikplats Tönnebro (203) till Axmartavlan (202) i riktning mot Uppsala i Gävleborgs län (X),E4,Syd,OOOOOOOOX|OOOOOOOOO,2021-06-21 17:02:33,2021-06-21 17:28:50,2021-06-21 17:02:08,2021-06-21 18:30:00,"Singelolycka med lastbil i mitträcket, strax söder om Tönnebro. Risk för mycket begränsad framkomlighet. ",6771941,606024,61.067895034299745,16.964690557843724,428389808
1291,1291,2021,Juni     ,2021-06-23/16:50:32-1/4,32,Stillastående fordon,E4 från Trafikplats Tönnebro (203) till Axmartavlan (202) i riktning mot Uppsala i Gävleborgs län (X),E4,Syd,OOOOOOOOX|OOOOOOOOO,2021-06-23 16:50:32,2021-06-23 17:49:43,2021-06-23 16:50:32,2021-06-23 18:00:00,Stillastående perdonbil ca: 3 km söder om Tönnebro.,6771941,606024,61.067895034299745,16.964690557843724,428389808
1296,1296,2021,Juni     ,2021-06-27/15:02:47-1/4,169,Långsam kö,E4 från Trafikplats Tönnebro (203) till Trafikplats Gävle N (200) i riktning mot Uppsala i Gävleborgs län (X),E4,Syd,OOOOOOOOO|OOOOOOOOO,2021-06-27 15:02:47,2021-06-27 20:35:23,2021-06-27 15:02:47,2021-06-27 20:45:00,Tät trafik mellan Tönnebro och Gävle. Räkna med förlängd restid. Om möjligt välj annan väg.,6771941,606024,61.067895034299745,16.964690557843724,428389808
1298,1298,2021,Juni     ,2021-06-27/20:44:25-1/4,169,Långsam kö,E4 från Trafikplats Tönnebro (203) till Trafikplats Gävle N (200) i riktning mot Uppsala i Gävleborgs län (X),E4,Syd,OOOOOOOOX|OOOOOOOOO,2021-06-27 20:44:25,2021-06-27 21:21:20,2021-06-27 20:44:25,2021-06-27 22:00:00,Tät trafik mellan Tönnebro och Gävle. Räkna med förlängd restid. Om möjligt välj annan väg.,6771941,606024,61.067895034299745,16.964690557843724,428389808
1327,1327,2021,Juli     ,2021-07-17/21:20:46-1/4,35,Olycka,E4 från Trafikplats Tönnebro (203) till Trafikplats Sörljusne (204) i riktning mot Söderhamn i Gävleborgs län (X),E4,Norr,OOOOOOOOO|XOOOOOOOO,2021-07-17 21:20:45,2021-07-17 22:29:19,2021-07-17 21:20:18,2021-07-17 22:30:00,"Bärgning efter tidigare trafikolycka, strax innan avfart Sörljusne. Det råder begränsad framkomlighet under bärgningsarbetet.",6771941,606024,61.067895034299745,16.964690557843724,428389808
1331,1331,2021,Juli     ,2021-07-22/18:51:58-1/4,32,Stillastående fordon,E4 från Trafikplats Tönnebro (203) till Axmartavlan (202) i riktning mot Uppsala i Gävleborgs län (X),E4,Syd,OOOOOOOOX|OOOOOOOOO,2021-07-22 18:51:58,2021-07-22 20:07:35,2021-07-22 18:51:58,2021-07-22 20:00:00,Personbil med haveri ,6771941,606024,61.067895034299745,16.964690557843724,428389808
1332,1332,2021,Juli     ,2021-07-23/14:59:58-1/4,5,Brinnande fordon,E4 från Trafikplats Tönnebro (203) till Trafikplats Sörljusne (204) i riktning mot Sundsvall i Gävleborgs län (X),E4,Norr,OOOOOOOOO|OOOOOOOOX,2021-07-23 14:59:58,2021-07-23 16:09:22,2021-07-23 14:59:34,2021-07-23 16:10:00,"Brand i personbil i höjd med Sörbränningen, på en vändficka. _x000D_
",6771941,606024,61.067895034299745,16.964690557843724,428389808
1340,1340,2021,Juli     ,2021-07-31/13:42:38-1/4,32,Stillastående fordon,E4 från Trafikplats Tönnebro (203) till Axmartavlan (202) i riktning mot Uppsala i Gävleborgs län (X),E4,Syd,OOOOOOOOX|OOOOOOOOO,2021-07-31 13:42:38,2021-07-31 14:30:48,2021-07-31 13:42:38,2021-07-31 14:30:00,Personbil med haveri i höjd med Axmartavlan ,6771941,606024,61.067895034299745,16.964690557843724,428389808
1341,1341,2021,Augusti  ,2021-08-01/14:15:20-1/4,169,Långsam kö,E4 från Trafikplats Tönnebro (203) till Trafikplats Gävle N (200) i riktning mot Uppsala i Gävleborgs län (X),E4,Syd,OOOOOOOOO|OOOOOOOOO,2021-08-01 14:15:19,2021-08-01 20:46:26,2021-08-01 14:15:20,2021-08-01 21:00:00,"Högt trafikflöde mellan Tönnebro och Gävle södergående, räkna med förlängd restid. ",6771941,606024,61.067895034299745,16.964690557843724,428389808
1343,1343,2021,Augusti  ,2021-08-03/10:50:29-1/4,32,Stillastående fordon,E4 från Trafikplats Tönnebro (203) till Trafikplats Sörljusne (204) i riktning mot Sundsvall i Gävleborgs län (X),E4,Norr,OOOOOOOOO|XOOOOOOOO,2021-08-03 10:50:29,2021-08-03 11:56:26,2021-08-03 10:50:29,2021-08-03 12:00:00,Stillastående lastbil strax norr om Tönnebro. Begränsad framkomlighet. ,6771941,606024,61.067895034299745,16.964690557843724,428389808
1355,1355,2021,Augusti  ,2021-08-08/15:37:16-1/4,169,Långsam kö,E4 från Trafikplats Tönnebro (203) till Trafikplats Gävle N (200) i riktning mot Gävle i Gävleborgs län (X),E4,Syd,OOOOOOOOX|OOOOOOOOO,2021-08-08 15:37:16,2021-08-08 17:59:25,2021-08-08 15:37:16,2021-08-08 19:00:00,"Tät trafik mellan Tönnebro och Gävle, räkna med köbildning och förlängd restid i södergående körfält . Om möjligt välj alternativa vägar.",6771941,606024,61.067895034299745,16.964690557843724,428389808
1365,1365,2021,Augusti  ,2021-08-10/14:10:26-1/4,255,Bärgning,E4 från Trafikplats Tönnebro (203) till Axmartavlan (202) i riktning mot Uppsala i Gävleborgs län (X),E4,Syd,OOOOOOOOX|OOOOOOOOO,2021-08-10 14:10:25,2021-08-10 14:50:39,2021-08-10 14:10:26,2021-08-10 15:00:00,"I höjd med högbacka bärgning av en lastbil, begränsad framkomlighet och kortare stopp under arbetet.",6771941,606024,61.067895034299745,16.964690557843724,428389808
1373,1373,2021,Augusti  ,2021-08-14/12:26:37-1/4,28,Människor på vägbanan,E4 från Trafikplats Tönnebro (203) till Trafikplats Sörljusne (204) i riktning mot Sundsvall i Gävleborgs län (X),E4,Norr,OOOOOOOOO|XOOOOOOOO,2021-08-14 12:26:37,2021-08-14 15:50:15,2021-08-14 12:26:37,2021-08-14 16:00:00,Cyklist på vägbanan. ,6771941,606024,61.067895034299745,16.964690557843724,428389808
1388,1388,2021,Augusti  ,2021-08-23/21:10:26-1/4,34,Föremål på vägbanan,E4 från Trafikplats Tönnebro (203) till Axmartavlan (202) i riktning mot Uppsala i Gävleborgs län (X),E4,Syd,OOOOOOOOX|OOOOOOOOO,2021-08-23 21:10:26,2021-08-23 21:49:18,2021-08-23 21:10:26,2021-08-23 22:15:00,"Däcksrester på körbanan, strax söder om Tönnebro. ",6771941,606024,61.067895034299745,16.964690557843724,428389808
1392,1392,2021,Augusti  ,2021-08-26/09:48:44-1/4,255,Bärgning,E4 från Trafikplats Tönnebro (203) till Axmartavlan (202) i riktning mot Uppsala i Gävleborgs län (X),E4,Syd,OOOOOOOOX|OOOOOOOOO,2021-08-26 09:48:43,2021-08-26 10:47:00,2021-08-26 10:15:00,2021-08-26 10:45:00,Bärgning av personbil i höjd med Axmar. Kortare stopp kan förekomma i samband med arbetet.,6771941,606024,61.067895034299745,16.964690557843724,428389808
1400,1400,2021,Augusti  ,2021-08-29/14:20:42-1/4,169,Långsam kö,E4 från Trafikplats Tönnebro (203) till Trafikplats Gävle N (200) i riktning mot Gävle i Gävleborgs län (X),E4,Syd,OOOOOOOOX|OOOOOOOOO,2021-08-29 14:20:41,2021-08-29 19:00:27,2021-08-29 14:20:42,2021-08-29 19:30:00,Tät trafik i södergående körfält Tönnebro - Gävle. Räkna med förlängd restid. Om möjligt välj alternativa vägar.,6771941,606024,61.067895034299745,16.964690557843724,428389808
1419,1419,2021,September,2021-09-08/15:38:54-1/4,379,Skadat räcke #,E4 från Trafikplats Tönnebro (203) till Trafikplats Sörljusne (204) i riktning mot Sundsvall i Gävleborgs län (X),E4,Norr,OOOOOOOOO|XXXXXXXXX,2021-09-08 15:38:53,2021-09-08 15:39:53,2021-09-08 15:38:54,2021-09-08 16:00:00,Singelolycka med personbil i höjd med Norrbränningen.Kört ner ca 10 mitträckes stolpar,6771941,606024,61.067895034299745,16.964690557843724,428389808
1426,1426,2021,September,2021-09-13/06:58:44-1/4,34,Föremål på vägbanan,E4 från Trafikplats Tönnebro (203) till Axmartavlan (202) i riktning mot Uppsala i Gävleborgs län (X),E4,Syd,OOOOOOOOX|OOOOOOOOO,2021-09-13 06:58:44,2021-09-13 12:41:44,2021-09-13 06:58:44,2021-09-13 16:00:00,Större plastbit på vägbanan. ,6771941,606024,61.067895034299745,16.964690557843724,428389808
1435,1435,2021,September,2021-09-16/20:15:26-1/4,255,Bärgning,E4 från Trafikplats Tönnebro (203) till Axmartavlan (202) i riktning mot Uppsala i Gävleborgs län (X),E4,Syd,OOOOOOOOX|OOOOOOOOO,2021-09-16 20:15:26,2021-09-16 20:49:52,2021-09-16 20:15:26,2021-09-16 21:15:00,Bärgning av personbil med släp. Risk för kortare stopp.,6771941,606024,61.067895034299745,16.964690557843724,428389808
1503,1503,2021,Oktober  ,2021-10-14/22:45:58-1/4,32,Stillastående fordon,E4 från Trafikplats Tönnebro (203) till Trafikplats Sörljusne (204) i riktning mot Sundsvall i Gävleborgs län (X),E4,Norr,OOOOOOOOO|XOOOOOOOO,2021-10-14 22:45:58,2021-10-14 22:51:47,2021-10-14 22:45:58,2021-10-15 00:30:00,"Påfarten till E4 från Tönnebro dispenstransport som fått punktering, begränsad framkomlighet.",6771941,606024,61.067895034299745,16.964690557843724,428389808
1518,1518,2021,Oktober  ,2021-10-21/18:53:30-1/4,387,Olycka oskyddad,E4 från Trafikplats Tönnebro (203) till Trafikplats Sörljusne (204) i riktning mot Sundsvall i Gävleborgs län (X),E4,Norr,OOOOOOOOO|XOOOOOOOO,2021-10-21 18:53:30,2021-10-21 19:20:00,2021-10-21 18:53:30,2021-10-21 19:30:00,"Personbil som kört in i mitträcket, strax norr om Norrbränningen. Begränsad framkomlighet. ",6771941,606024,61.067895034299745,16.964690557843724,428389808
1536,1536,2021,November ,2021-11-01/14:46:56-1/4,255,Bärgning,E4 från Trafikplats Tönnebro (203) till Axmartavlan (202) i riktning mot Uppsala i Gävleborgs län (X),E4,Syd,OOOOOOOOX|OOOOOOOOO,2021-11-01 14:46:56,2021-11-01 15:02:41,2021-11-01 14:46:56,2021-11-01 15:45:00,Bärgning av personbil. Vägen kan komma att stängas av under en kortare stund i södergåden fil.,6771941,606024,61.067895034299745,16.964690557843724,428389808
1564,1564,2021,November ,2021-11-16/10:47:41-1/4,255,Bärgning,E4 från Trafikplats Tönnebro (203) till Axmartavlan (202) i riktning mot Uppsala i Gävleborgs län (X),E4,Syd,OOOOOOOOX|OOOOOOOOO,2021-11-16 10:47:41,2021-11-16 11:04:33,2021-11-16 11:00:00,2021-11-16 11:30:00,"Bärgning av personbil strax söder om Högbacka, kortare stopp kan förekomma. ",6771941,606024,61.067895034299745,16.964690557843724,428389808
